titulo,poster,sinopse
O Jogo da Tentação,https://image.tmdb.org/t/p/w500/dtdZRfoNRNcH92wnRmIUqU2VVrW.jpg,"Um rapaz, que acabou de se tornar pai e luta contra a fadiga, inseguranças emocionais e um casamento fracassado, se inscreve em um aplicativo de namoro e encontra uma jovem atraente, que parece ter poderes inumanos."
Psicose,https://image.tmdb.org/t/p/w500/oC2iYT2on8c2iZnehah1l6AWqGu.jpg,"Marion Crane é uma secretária que rouba 40 mil dólares da imobiliária onde trabalha para se casar e começar uma nova vida. Durante a fuga à carro, ela enfrenta uma forte tempestade, erra o caminho e chega em um velho hotel. O estabelecimento é administrado por um sujeito atencioso chamado Norman Bates, que nutre um forte respeito e temor por sua mãe. Marion decide passar a noite no local, sem saber o perigo que a cerca."
La Leyenda de los Chaneques,https://image.tmdb.org/t/p/w500/4f9ghI3utknpeBZSAzNuIKKATOA.jpg,N/A
Las leyendas: El origen,https://image.tmdb.org/t/p/w500/fR49hZdFJ6ZtRS23JW79VYmZgI7.jpg,N/A
Michael Jackson: Thriller,https://image.tmdb.org/t/p/w500/dYHGoPMkZMVuBA4EydmDQMo1EEv.jpg,"Uma noite no cinema se transforma em um pesadelo quando Michael e seu par são atacados por uma horda de zumbis sedentos de sangue - apenas um ""Thriller"" pode salvá-los agora."
O Iluminado,https://image.tmdb.org/t/p/w500/47BdQqDWnj3VIzpH9bd2agho2PN.jpg,"Durante o inverno, um homem é contratado para ficar como vigia em um hotel no Colorado e vai para lá com a esposa e seu filho. Porém, o contínuo isolamento começa a lhe causar problemas mentais sérios e ele vai se tornado cada vez mais agressivo e perigoso, ao mesmo tempo que seu filho passa a ter visões de acontecimentos ocorridos no passado, que também foram causados pelo isolamento excessivo."
Alien: O Oitavo Passageiro,https://image.tmdb.org/t/p/w500/rJEU0u6hvtqBy344z0bpI194LeQ.jpg,"Quando a tripulação da sonda espacial Nostromo responde a um pedido de socorro vindo de um planeta inóspito, eles descobrem uma forma de vida mortal que se reproduz dentro de humanos. Agora, a tripulação deve lutar para permanecer viva e impedir que a criatura chegue até a Terra."
Abraham Lincoln Vampire Hunter: The Great Calamity,https://image.tmdb.org/t/p/w500/9kD8bohNKE1truudhmeOtOjfNeH.jpg,N/A
O Enigma de Outro Mundo,https://image.tmdb.org/t/p/w500/bazlgJAKWCBF7OllC3JtyJ2DV1n.jpg,"Na remota Antártida, um grupo de cientistas americanos é perturbado em sua base quando, de um helicóptero, alguém atira em um cão do acampamento. À medida que socorrem o cão baleado, o bicho começa a atacar os cientistas e os outros cachorros e logo eles descobrem que o animal pode assumir a forma de suas vítimas. Isto significa que membros da equipe podem ser mortos e a cópia assumir o lugar deles. Com isso, um piloto e um médico precisam capturar a fera antes que seja tarde demais."
Ghosts,https://image.tmdb.org/t/p/w500/aLMS2GWnJwkAADd8Dnl2dK1eg13.jpg,"Horripilantes personagens surrealistas, figuras ameaçadoras e sombras de um mundo místico são realidade em ""Ghosts"", um curta-metragem ao melhor estilo de Michael Jackson. Em ""Ghosts"", o Rei do Pop une uma história ambiciosa que convida à reflexão e os elementos fundamentais dos seus espetáculos: coreografias perfeitas e canções arrebatadoras."
O Gabinete do Dr. Caligari,https://image.tmdb.org/t/p/w500/j09TT0S1crBSYjPu14vgzSSFqFo.jpg,"Num pequeno vilarejo da fronteira holandesa, o misterioso hipnotizador Dr. Caligari chega acompanhado do sonâmbulo Cesare, que estaria supostamente adormecido por 23 anos. À noite, Cesare perambula pela cidade concretizando as previsões funestas do seu mestre, o Dr. Caligari."
Doctor Who: As Águas de Marte,https://image.tmdb.org/t/p/w500/ikb6cZI8RXUqcxApMJmIdimAJ1X.jpg,N/A
Fausto,https://image.tmdb.org/t/p/w500/kCm7nCrsbNgcwPvlycSorsaZXpT.jpg,"Disputando o poder sobre a Terra, Deus e Satã apostam a alma de Fausto, um alquimista erudito. Durante uma praga, este homem se desespera, queimando todos os seus livros. Neste momento, Satã envia Mefistófoles para tentar Fausto com o retorno da juventude e o alquimista aceita o pacto. Certo dia, entediado, ele resolve voltar para casa, onde conhece e se apaixona pela bela Gretchen, um encontro que será a desonra da moça."
O Que Terá Acontecido a Baby Jane?,https://image.tmdb.org/t/p/w500/5YOJEWsqeYz0EUcB7S1foR2UmVb.jpg,"A história do diretor Robert Aldrich é um thriller sobre uma veterana atriz de teatro que conheceu a fama na infância e agora inicia um reinado psicótico de terror sobre sua irmã, ex-rainha do cinema nos anos 30 e hoje presa a uma cadeira de rodas."
A Lenda da Nahuala,https://image.tmdb.org/t/p/w500/p3WY5hdZLseBJwwLzOcuZ4Z7aQI.jpg,"O filme se passa em 1807 na cidade de Puebla, na Nova Espanha. Leo San Juan, um menino tímido de 9 anos, mora com a avó e o irmão mais velho, Nando. Leo vive constantemente com medo depois que seu irmão lhe contou a lenda da bruxa Nahuala, que mora em uma casa mal-assombrada."
O Bebê de Rosemary,https://image.tmdb.org/t/p/w500/4p8ljwqw0SJjKszU0ZSPTjYFbeR.jpg,Um jovem casal se muda para um apartamento em Nova York para começar uma família. As coisas ficam assustadoras quando Rosemary começa a suspeitar que seu futuro bebê não está seguro ao lado dos seus estranhos vizinhos.
Godzilla VS. Destoroyah,https://image.tmdb.org/t/p/w500/oilV4OOGCDZvgsd9ouQa7HGUMOH.jpg,Destoroyah é uma besta que tem o objetivo de matar o protagonista da franquia e ele mais uma vez luta pela sobrevivência.
Eu Vi o Diabo,https://image.tmdb.org/t/p/w500/dMPwI1RnKsngDppHHJfymmzJvfl.jpg,"A noiva de um agente secreto é morta por um serial killer. Cego pela fúria, ele começa a investigar os possíveis suspeitos do crime, até finalmente identificar o culpado. Mas, ao invés de matá-lo, resolve pôr em prática uma terrível e lenta vingança."
A Carruagem Fantasma,https://image.tmdb.org/t/p/w500/6LBkwY81bUtWaOFEStJCFYICg80.jpg,"Um alcoólatra, abusivo e vagabundo é confrontado com seus erros através de uma lenda que condena a última pessoa a morrer na véspera de Ano Novo, antes da meia-noite, a assumir as rédeas da carruagem da Morte e trabalhar incansavelmente coletando novas almas para o ano seguinte."
Scooby-Doo! Halloween,https://image.tmdb.org/t/p/w500/7hGtLCW4JGqpa8u3j4Ct89LjChz.jpg,Scooby-Doo e a equipe se reúnem novamente para resolver o mistério de proporções gigantescas e salvar a Baía Cristal.
O Cremador,https://image.tmdb.org/t/p/w500/zk2bvJamZ8K06cJ3QHAHK7IE7kp.jpg,"Em uma Tchekoslovakia prester a ser invadida pelas forças alemãs durante a guerra, cremador nacionalista se contamina pela ideologia nazista e passa gradualmente a demonstrar comportamento estranho e obsessivo para com seus compatriotas e sua família. A situação se complica quando ele  descobre que sua esposa pode ter sangue judeu."
Monstros,https://image.tmdb.org/t/p/w500/ujTGsie0k5JEq6p7AnBdzw6RGIF.jpg,"Em um circo de atrações bizarras, a linda trapezista é cortejada pelo anão mas o rejeita até descobrir que ele herdou uma fortuna. Planeja então, casar para depois envenenar o marido mas logo a armação é descoberta e os diferentes se unem pela vingança."
Melanie Martinez: K-12,https://image.tmdb.org/t/p/w500/nVi0yBBPj5Z96JgGWVIg94kv7bR.jpg,"Neste filme musical misteriosamente encantador de Melanie Martinez, Cry Baby, uma garota forte e sensível, é enviada para uma escola perturbadora do sono que se opõe severamente à individualidade. Com a ajuda de seus amigos mágicos e um Guia Angélico Espiritual, eles ganham a força que precisam para lutar contra a equipe maligna da escola e derrubar o sistema escolar opressivo do K-12."
A Lenda da Llorona,https://image.tmdb.org/t/p/w500/vBiqoYfDIWKKzZTiQScqgCO09UD.jpg,"Leo San Juan, Teodora, entre outros, partem em uma nova aventura para pegar um espectro que assombra um povoado, o Fantasma da Llorona. Mas o balão em que viajavam cai em meio a uma tempestade.  O Fantasma da Llorona está sempre assombrando crianças, até que essa turma resolve investigar essa história a fundo."
O Reino,https://image.tmdb.org/t/p/w500/vphyoRIKMgM56lEnCNOPPzZ1Ggj.jpg,"Coisas estranhas estão acontecendo nas profundezas de um hospital dinamarquês. O espírito angustiado de uma menininha pode ser ouvido chorando no poço dos elevadores, enquanto uma ambulância fantasma percorre as ruas de Copenhague todas as noites. Sociedades secretas se reúnem no porão, enquanto os funcionários se reúnem nas alas desinteressantes, tão absortos em seus próprios desgostos insignificantes que permanecem alheios ao despertar demoníaco que se prepara para abalar o edifício."
Invasão Zumbi,https://image.tmdb.org/t/p/w500/QqHtwk0oHYed26zra9WGQGyBSm.jpg,"A Coreia do Sul decreta estado de emergência após um vírus desconhecido tomar conta do país. Algumas pessoas tentam fugir de zumbis e ficam presas em um trem-bala que está a caminho de Busan, a única cidade que não foi afetada pelo vírus."
O Exorcista,https://image.tmdb.org/t/p/w500/bYTMDg3eGFuO7emXbQip02a8zvQ.jpg,"Em Georgetown, Washington, uma atriz vai gradativamente tomando consciência que a sua filha de doze anos está tendo um comportamento completamente assustador. Deste modo, ela pede ajuda a um padre, que também um psiquiatra, e este chega a conclusão de que a garota está possuída pelo demônio. Ele solicita então a ajuda de um segundo sacerdote, especialista em exorcismo, para tentar livrar a menina desta terrível possessão."
Prelúdio para Matar,https://image.tmdb.org/t/p/w500/j6k8qAHnL65p7z6qJnUdxd1bwZ0.jpg,"Um pianista inglês testemunha um brutal assassinato, mas não consegue identificar o criminoso. Algo na cena o inquieta, o levando à uma compulsiva necessidade de desvendar o caso."
Kwaidan: As Quatro Faces do Medo,https://image.tmdb.org/t/p/w500/lxOxZVhGkmnz7jFJDS8EfkhxmmN.jpg,"Com o título inspirado em uma palavra japonesa arcaica que significa ""história de fantasmas"", essa antologia adapta quatro contos folclóricos. Um samurai divorcia-se da mulher que ama para se casar com outra pelo dinheiro, com resultados trágicos. Um homem preso em uma nevasca é salvo por Yuki, a Donzela da Neve, mas seu resgate tem um custo. O músico cego Hoichi é forçado a se apresentar para uma plateia de fantasmas. Um autor relata a história de um samurai que vê o reflexo de outro guerreiro em sua xícara de chá."
Cisne Negro,https://image.tmdb.org/t/p/w500/tqlmLBt2i5SHNpXEj2nqk10Crwa.jpg,"Nina é uma bailarina cuja obsessão pela dança supera todas as facetas de sua vida. Quando o diretor artístico da companhia decide substituir sua prima ballerina para a produção de estreia de ""O Lago dos Cisnes"", Nina é sua primeira escolha. Sua concorrente é a novata Lily. Embora Nina seja perfeita para o papel do Cisne Branco, Lily personifica o Cisne Negro. A rivalidade entre as duas bailarinas se transforma em uma amizade distorcida e o lado obscuro de Nina começa a vir à tona."
Tubarão,https://image.tmdb.org/t/p/w500/iD2XVowFgHngYGamCAdq2T44gMr.jpg,"Um terrível ataque a banhistas é o sinal de que a praia da pequena cidade de Amity virou refeitório de um gigantesco tubarão branco, que começa a se alimentar dos turistas. Embora o prefeito queira esconder os fatos da mídia, o xerife local pede ajuda a um ictiologista e a um pescador veterano para caçar o animal. Mas a missão vai ser mais complicada do que eles imaginavam."
Constantine: Cidade de Demônios,https://image.tmdb.org/t/p/w500/el92WyplBfo6yFtOTmkoYeauLrf.jpg,"Uma década depois de um trágico acidente, o homem de família Chas e o místico detetive John Constantine pretendem curar Trish, a filha de Chas, de um misterioso coma sobrenatural. Com a ajuda de sócios poderosos, eles buscam a salvação."
Onibaba - A Mulher Demônio,https://image.tmdb.org/t/p/w500/b14LU070wRIiX0PbSLcMgmX1tpi.jpg,"Século 14, Japão. Esperando o filho que está na guerra, uma mulher e sua nora sobrevivem em uma aldeia através de tocaias que armam para alguns soldados, matando-os e vendendo seus pertences. Com a morte do filho, a mãe põe em prática um plano diabólico para manter a companhia de sua nora."
Scooby-Doo na Ilha dos Zumbis,https://image.tmdb.org/t/p/w500/fxYjPxMgtbAzsisNRyR0jB9wEOt.jpg,"Scooby Doo, Salsicha, Velma, Daphne e Fred estão na ativa de novo para tentar resolver o mais assustador e divertido mistério de suas carreiras. Nossos garotos “intrometidos” desta vez encontram-se numa ilha mal assombrada para investigar o fantasma do pirata Moonscar. Mas o espírito do corsário não é o único a atormentar a ilha. Os detetives também encontram com estranhas criaturas e zumbis!"
Vampire Hunter D: Bloodlust,https://image.tmdb.org/t/p/w500/l2FyMofnCYoALX8GZ9L9hdH0fEM.jpg,"Nascido de mãe humana e pai vampiro, ""D"" vive entre a luz e a escuridão num mundo à beira do abismo. ""D"" é contratado para rastrear Meier Link, um vampiro poderoso que sequestrou uma garota humana, Charlotte Elbourne. As ordens de ""D"" são claras: encontre Charlotte a qualquer custo e traga-a de volta. Mas, pela primeira vez, “D” enfrenta concorrentes sérios, os Irmãos Markus, também contratados para o mesmo fim. ""D"" deve interceptar Meier e superar adversários poderosos em uma corrida mortal contra o tempo."
Nosferatu: Uma Sinfonia de Horror,https://image.tmdb.org/t/p/w500/zEzQTngP7F4qVmLDCWg5Hby6cgX.jpg,"Hutter, agente imobiliário, viaja até os Montes Cárpatos para vender um castelo no Mar Báltico cujo proprietário é o excêntrico conde Graf Orlock, que na verdade é um milenar vampiro que, buscando poder, se muda para Bremen, Alemanha, espalhando o terror na região. Curiosamente quem pode reverter esta situação é Ellen, a esposa de Hutter, pois Orlock está atraído por ela."
Frankenstein,https://image.tmdb.org/t/p/w500/rB0tZwNImTT8febX5qVycZ5YVeF.jpg,"Dr. Victor Frankenstein, um cientista brilhante, mas egoísta, dá vida a uma criatura em um experimento monstruoso que acaba levando à ruína tanto do criador quanto de sua trágica criação."
Häxan: A Feitiçaria Através dos Tempos,https://image.tmdb.org/t/p/w500/As8MXPHo1zJHyiQV4iWr9uk7tDg.jpg,"Explora as origens da feitiçaria e do satanismo através dos séculos, desde a antiguidade até os tempos modernos. Mistura imagens reais com encenações ao longo de sete capítulos. Mostra a intolerância da Igreja Católica frente aos mitos mágicos, e como ela ""resolvia"" esses problemas. No final, há a comparação entre o comportamento histérico das mulheres contemporâneas (1921) com o das bruxas da Idade Média, e a conclusão é que ele é bem parecido."
Plano-Sequência dos Mortos,https://image.tmdb.org/t/p/w500/wFbAxK10CiJA1XxgJaEc16UeHTb.jpg,"Uma equipe de filmagem está gravando uma história de terror em uma estação abandonada de tratamento de água, supostamente usada para experimentos humanos pelos militares. Assim que o diretor começa a intimidar e pedir mais sangue artificial, eles são surpreendidos por um apocalipse zumbi de verdade."
"Godzilla, O Monstro do Mar",https://image.tmdb.org/t/p/w500/2MmLWzSo1DV8nwOE6OVcysId46M.jpg,"O Japão entra em pânico após vários navios afundarem perto da Ilha de Odo. Uma expedição à ilha liderada pelo Dr. Kyohei Yamane logo descobre algo muito mais devastador do que se imaginava: um monstro de 50 metros de altura chamado Godzilla pelos nativos. Agora, o monstro inicia uma onda de destruição que ameaça destruir não apenas o Japão, mas também o resto do mundo."
Corra!,https://image.tmdb.org/t/p/w500/A0RoSZh8PEYJgDMgM2EV7Ycz3dR.jpg,"Agora que Chris e sua namorada, Rose, chegaram à fase de conhecer os pais no namoro, ela o convida para um fim de semana no interior com Missy e Dean. A princípio, Chris acha que o comportamento excessivamente agradável dos dois como tentativas nervosas de lidar com o relacionamento inter-racial da filha, mas, conforme o fim de semana avança, uma série de descobertas cada vez mais perturbadoras o levam a uma verdade que ele jamais poderia ter imaginado."
A Noite dos Mortos-Vivos,https://image.tmdb.org/t/p/w500/WPnjLV9hKP0TVZ8YJ0qWVWhUHF.jpg,"Um grupo diversificado se refugia em uma casa abandonada quando corpos começam a sair do cemitério em busca de corpos humanos frescos para devorar. O pragmático Ben faz o que pode para controlar a situação, mas quando os zumbis assassinos cercam a casa, os outros sobreviventes entram em pânico."
Os Outros,https://image.tmdb.org/t/p/w500/50cwEV5MvT1Kr8OxcmBjbhLOFsk.jpg,"Grace Stewart vive em uma casa velha com seus dois filhos e os criados. Uma condição rara das crianças, que são fotossensíveis, faz com que eles vivam na escuridão, algo que complica a rotina diária de todos. Acontece que coisas esquisitas têm acontecido na casa e Grace começa a suspeitar que sua casa é assombrada."
Unicorn Wars,https://image.tmdb.org/t/p/w500/joOEYpfltqoqkaiQio24TUTntGM.jpg,N/A
King Kong,https://image.tmdb.org/t/p/w500/b3CrCIfY8bj9nSsdcFmozTozjyx.jpg,"Em Nova York um famoso diretor de cinema não consegue uma atriz para sua próxima produção, pois ninguém quer ir filmar em um lugar não revelado. Assim ele mesmo começa a vagar pelas ruas até que encontra uma jovem pobre, mas muito bonita, a quem imediatamente dá o emprego. A equipe viaja e vai parar em uma ilha desconhecida, na qual os nativos oferecem ""noivas"" para Kong, um gigantesco macaco. Após muitos perigos a equipe de filmagens conseguem capturar o macaco, pois pretendem levá-lo para Nova York para ser exibido. Paralelamente o símio se apaixona pela atriz."
Os Olhos Sem Rosto,https://image.tmdb.org/t/p/w500/vfeFWdqIW6uBJnUdoLTZMgBkb3i.jpg,"Um brilhante e obsessivo cirurgião vive em uma mansão isolada, escondendo um segredo sombrio: sua filha, Christiane, foi vítima de um terrível acidente que destruiu seu rosto. Obrigada a viver reclusa e a usar uma máscara branca inexpressiva, ela se torna o motivo de uma busca desesperada e macabra por parte do pai, que está disposto a cruzar todos os limites da ética e da sanidade para restaurar a beleza da filha."
Tumbbad,https://image.tmdb.org/t/p/w500/z1xOCxw780WFJC5uCTMfCkQ4Agi.jpg,"Índia, século IX. Vinayak vive em Tumbbad, uma pequena aldeia em ruínas controlada pelo seu pai, que não o reconhece como filho. Ele é obcecado por uma lenda local sobre um tesouro mítico, que foi enterrado ali pelos seus ancestrais. Muito teimoso, ele decide dar início a uma investigação para encontrar o artefato que o acompanhará por toda a sua vida, levando-o a um acerto de contas épico."
Godzilla Minus One,https://image.tmdb.org/t/p/w500/9XSOyim1pivuSHQqlrDj5gj2J5w.jpg,"Em um Japão social e economicamente devastado após o término da Segunda Guerra Mundial, a situação chega a um nível ainda mais crítico quando uma gigantesca e misteriosa criatura surge do mar para assolar o país."
Halloween - A Noite do Terror,https://image.tmdb.org/t/p/w500/ozkOzFITxLmp5nkjvuawQaRHNF3.jpg,"Na noite de Halloween de 1963, Michael Myers, de seis anos, assassina brutalmente sua irmã. Preso em uma instituição para doentes mentais sob os cuidados do dr. Sam Loomis, Michael cresce apenas para odiar. Em outubro de 1978, ele foge do hospital, seguido pelo dr. Loomis, que sabe que Michael vai matar novamente. O psicopata passa a perseguir a adolescente Laurie Strode e seus amigos, e prepara seu ataque mortal para a noite de Halloween."
O Que Fazemos nas Sombras,https://image.tmdb.org/t/p/w500/8HXW4KuXtE11B1iTm6SmZtMVLTD.jpg,"Seja bem-vindo à casa de O Grande Vampiro. Protegidos por crucifixos, um grupo de cineastas entra com suas câmeras para registrar a intimidade de quatro imortais que compartilham o lar em um subúrbio da Nova Zelândia. Enquanto eles lidam com os conflitos naturais da convivência, como quem lava os pratos ou o cuidado para não estragar os móveis com o sangue das vítimas, eles tentam se manter atualizados tanto com a vida moderna como com todo o século passado."
Deixa Ela Entrar,https://image.tmdb.org/t/p/w500/usJZD6BgU29hRPzQlvfFGsp8AXC.jpg,"Oskar é um garoto só. Na escola ele sempre é provocado por outros garotos e, incapaz de reagir. Um dia, ele conhece Eli, uma garota pálida e solitária, que se mudou recentemente, com seu suposto pai. Apesar do temor em se aproximar de Oskar, logo Eli se torna sua amiga. Paralelamente, uma série de assassinatos macabros acontecem, em que o sangue das vítimas é retirado. Eli está envolvida com estes fatos, de uma forma que Oskar jamais poderia imaginar."
Uma Noite Alucinante 2,https://image.tmdb.org/t/p/w500/gnaDXTfRlTrQ5gYhpEFJKlGuNmA.jpg,"Ash leva sua namorada Linda até uma casa abandonada, onde encontra uma fita de áudio abandonada por um professor. Ash coloca a fita para tocar, ouvindo citações do livro dos mortos. Os encantamentos despertam as forças do mal na floresta ao lado, que transformam Linda em um monstruoso Deadite. O objetivo é fazer o mesmo com Ash, mas ele recebe a ajuda da filha do professor, de um mecânico que trabalhava com ele e sua namorada."
O Monstro do Circo,https://image.tmdb.org/t/p/w500/c9R1wE1vMJWMZNdmqXUV8oTaCPQ.jpg,"Um atirador de facas, de grande sucesso num circo por não ter braços e usar os pés nos seus números, esconde um grande segredo."
Todo Mundo Quase Morto,https://image.tmdb.org/t/p/w500/cu9CgaxcJ3UG1Up3l5bsG2wNtfY.jpg,"Shaun trabalha como vendedor e divide uma casa com Ed, seu melhor amigo, e Pete. Ele costuma ir sempre ao pub local, mas Liz, sua namorada, está cansada de lá. Além disto ela sempre reclama que ele não se separa de Ed, apesar de suas piadas bobas e seu desinteresse em fazer algo útil. Para resolver a questão Shaun aceita marcar um encontro com Liz em outro restaurante, mas se esquece de fazer a reserva. Irritada, ela decide terminar com ele. Shaun, arrasado, se embebeda no seu pub predileto ao lado de Ed, sem notar que as pessoas à sua volta estão se tornando zumbis, devido a um estranho fenômeno."
Invocação do Mal,https://image.tmdb.org/t/p/w500/1NxHKZW5DPbUFtbF3MxbdSyxRqU.jpg,"Harrisville, Rhode Island, Estados Unidos, 1968. Os investigadores paranormais Ed e Lorraine Warren trabalham para ajudar uma família aterrorizada por uma presença sombria em sua fazenda. Forçados a confrontar uma entidade poderosa, os Warrens se vêem presos no caso mais aterrorizante de suas vidas. Baseado numa história real."
A Cura,https://image.tmdb.org/t/p/w500/g2x1gF89LFej8gOTeeLVefDP5Je.jpg,"Pessoas são encontradas mortas com um bizarro ""x"" cravado em seus corpos. Desesperado, um detetive chamado Takabe decide iniciar uma investigação à base de longos e intermináveis sessões de interrogatórios. Porém, sua investigação não resulta em nada. Até que um determinado dia um rapaz é preso por estar perto de mais uma pessoa assassinada. Tímido e de trejeitos estranhos, resta saber qual a ligação entre ele o os crimes (e quem sabe, com o assassino)"
O Telefone Preto,https://image.tmdb.org/t/p/w500/aAdnNifQo2qxDYnuDD3blsxinH1.jpg,"Após ser raptado por um assassino de crianças, Finney Shaw começa a receber chamadas de vítimas anteriores do assassino. Elas estão determinadas a garantir que o que lhes aconteceu não aconteça com Finney."
A Noiva de Frankenstein,https://image.tmdb.org/t/p/w500/36ztjB1hU93NWjyUIaC8lIy3ORw.jpg,"Dr. Frankenstein (Colin Clive) e seu monstro (Boris Karloff) retornam, pois não estavam mortos como inicialmente se acreditava. O pesquisador planeja parar suas demoníacas experiências, mas quando um cientista louco (Ernest Thesiger) seqüestra sua esposa (Valerie Hobson), ele concorda em ajudá-lo em criar uma nova criatura, uma mulher (Elsa Lanchester), para ser companheira do monstro."
Os Pássaros,https://image.tmdb.org/t/p/w500/y0EJ31AZhsTX3mRaIcqn3sZ2XK0.jpg,"Melanie Daniels, uma jovem da cidade de São Francisco, vai até uma pequena cidade isolada da Califórnia, chamada Bodega Bay, atrás de um potencial namorado: Mitch Brenner. Mas na cidade começa de repente a acontecer fatos estranhos: pássaros de todas as espécies passam a atacar a população, em número cada vez maior e com mais violência, deixando todos aterrorizados."
O Homem Invisível,https://image.tmdb.org/t/p/w500/4tw6k8EXO7fjW7A4WZSISswgCuT.jpg,"Depois de realizar um experimento em si mesmo e ficar invisível, o cientista Jack Griffin, agora agressivo devido aos efeitos da droga, busca uma maneira de reverter o experimento a qualquer custo."
O Incrível Homem Que Encolheu,https://image.tmdb.org/t/p/w500/aG3nY1sN5adP7XhiYEaWvhYXFai.jpg,"Uma perigosa combinação de radiação e inseticida faz com que o infeliz Scott Carey encolha, lenta mas verdadeiramente, até ficar com apenas alguns centímetros de altura. Sua casa se transforma em um deserto onde ele precisa sobreviver a tudo, desde aranhas que vivem no porão até seu amado gato."
Exhuma,https://image.tmdb.org/t/p/w500/tw0i3kkmOTjDjGFZTLHKhoeXVvA.jpg,"Depois de sofrer uma série de eventos paranormais, uma família rica que vive em Los Angeles convoca uma jovem dupla de xamãs em ascensão, Hwa Rim e Bong Gil, para salvar o recém-nascido da família. Assim que eles chegam, Hwa Rim sente que uma sombra escura de seu ancestral se apoderou da família em um chamado 'Chamado Grave'. Para exumar o túmulo e socorrer o ancestral, Hwa Rim busca a ajuda do geomante de primeira linha Sang Deok e do agente funerário Yeong Geun. Para sua consternação, os quatro encontram o túmulo em um local sombrio em uma vila remota na Coreia. Sem saber das consequências, a exumação é realizada, desencadeando uma força malévola enterrada por baixo."
A Pele Que Habito,https://image.tmdb.org/t/p/w500/90hbSeBsev4hezgzkyW8tkio2dp.jpg,"Cirurgião plástico tem obsessão de recriar pele humana em laboratório desde que sua esposa sofreu graves queimaduras em um acidente de carro. Ajudado pela mulher que o criou, aprisiona em sua casa a vítima perfeita que servirá de cobaia para sua grande experiência."
Despertar dos Mortos,https://image.tmdb.org/t/p/w500/fdiZ7VwFyXCvcPd3SOKH7Nc7hwv.jpg,"Os mortos estão retornando a vida e atacando os vivos. Quatro sobreviventes do ataque escondem-se em um shopping abandonado e planejam contra-atacar. No entanto, milhares de mortos-vivos descobrem o esconderijo e iniciam um novo massacre, contaminando alguns sobreviventes que retornam como zumbis e somam-se ao exército de abomináveis criaturas."
Os Inocentes,https://image.tmdb.org/t/p/w500/t9P2m4mQcqWtTHxkV3X6mXiJKXh.jpg,Governanta de dois órfãos em uma casa vitoriana começa ter visões de fantasmas e suspeita que o comportamento bizarro das crianças é influenciado por poderes sobrenaturais.
Suspiria,https://image.tmdb.org/t/p/w500/5ya8jTbNZTrCFUx9OwpNBjCivXY.jpg,"Susan é uma jovem americana que viaja para a Europa para estudar numa prestigiada escola de Balé. Desde o primeiro dia, porém, ela começa a se assustar com estranhas situações que ocorrem no local que a fazem crer que há bruxas por todas a parte."
Morte ao Vivo,https://image.tmdb.org/t/p/w500/kg8Dv4CMOtvmgtil7zqju180ZRp.jpg,"Uma estudante de comunicação decide fazer uma tese sobre filmes ""snuff"", nos quais são exibidas imagens de pessoas sendo mortas na vida real. Em uma fita descobre a morte violenta de uma estudante da faculdade e busca investigar os assassinos."
"Godzilla, Mothra e King Ghidorah: Ataque Total de Monstros Gigantes (GMK)",https://image.tmdb.org/t/p/w500/ttPl0waNbZclZtVZrJYvTXPLlWy.jpg,"Godzilla ressurge depois de anos adormecido no fundo do mar. É acordado de seu sono por um acidente com um submarino americano, a radiação da nave provoca a fúria do gigante que investe mais uma vez contra o Japão. Cabe aos três monstros guardiões do continente (BARAGON, MOTHRA e KING GHIDORAH) deter e destruir o poderoso Godzilla que ameaça o Japão."
Pecadores,https://image.tmdb.org/t/p/w500/v0Ljeti537c6cNKweuEN0iaU3x4.jpg,"Dispostos a deixar suas vidas conturbadas para trás, irmãos gêmeos retornam à sua cidade natal para recomeçar suas vidas do zero, quando descobrem que um mal ainda maior está à espera deles para recebê-los de volta."
Advogado do Diabo,https://image.tmdb.org/t/p/w500/u6gFTFI22YAnjoUCUyRveN48S06.jpg,"Kevin Lomax, advogado de uma pequena cidade da Flórida que nunca perdeu um caso, é contratado por John Milton, dono da maior firma de advocacia de Nova York. No início tudo parece correr bem, mas Mary Ann, a esposa do advogado, começa a testemunhar aparições demoníacas. Kevin está empenhado em defender o cliente e cada vez dá menos atenção a sua mulher, enquanto seu misterioso chefe parece sempre saber como contornar cada problema e tudo que perturba o jovem advogado."
Os Demônios,https://image.tmdb.org/t/p/w500/y1k7eiOFc6fzm8XeTa1kNGx6JIs.jpg,"Ambientado durante o violento regime católico que tomava conta da França nos idos de 1631, parte da suposta possessão de uma madre-superiora cujas fantasias sexuais com o mais proeminente padre do vilarejo de Loudon resulta num dos mais sangrentos episódios daquela era."
Frankenstein,https://image.tmdb.org/t/p/w500/mu6wHwH0IwCCaEYtpqujuPJYat1.jpg,O Dr. Henry Frankenstein está obcecado em montar um ser vivo a partir de partes de vários cadáveres exumados.
Vampiros de Almas,https://image.tmdb.org/t/p/w500/4eaAZ1UiTz3VzOSny7LzjycqvpU.jpg,"A trama é sobre o médico Miles Bennell. Após voltar de um congresso para a sua cidade natal, ele se depara com um fenômeno estranho: diversas pessoas afirmam que seus parentes não são os mesmos, apesar de manterem a aparência física e as lembranças. Incrédulo no início, aos poucos Bennell vai descobrindo que tudo faz parte de uma invasão alienígena, que assume a forma das pessoas para conquistar seu objetivo."
O Fantasma do Paraíso,https://image.tmdb.org/t/p/w500/4uB3Vrh9l78OFB9mLdXjVKmLPhS.jpg,"Depois que o produtor fonográfico Swan rouba a música do compositor Winslow Leach e o entrega para uma de suas bandas, Leach entra no escritório de Swan. Mas Swan pega Leach e o acusa de comercializar drogas, o que o leva à prisão. Leach foge e tenta novamente sabotar o império de Swan, mas um acidente desfigura sua face. Leach se transforma no ""Fantasma"" para arruinar Swan enquanto salva a cantora Phoenix de uma terrível tragédia"
Enfeitiçado,https://image.tmdb.org/t/p/w500/6l5DlI0XHo5swBnhLxjhtya55kd.jpg,Um mágico conhece uma garota estranha e a convida para trabalharem juntos em seu show de mágica. É apenas um ano depois que ele começa a conhecê-la pessoalmente e desenvolve um sentimento por ela. Mas ela tem seus segredos: enxerga os mortos e seu melhor amigo é um fantasma.
Drácula de Bram Stoker,https://image.tmdb.org/t/p/w500/ecuP4ZaIHawKmmIaXD5mS55UlhL.jpg,"O vampiro Conde Drácula vem à Inglaterra atrás de quem ele acredita ser sua antiga paixão, de quando ainda era um mortal."
A Tortura do Medo,https://image.tmdb.org/t/p/w500/s5KkF5sKYDFZaqEtQLQrw0Jt7qo.jpg,"Um cameraman assistente psicótico usa seu equipamento para filmar as mortes de profissionais do sexo que escolhe como vítimas e de mulheres inocentes para seu documentário sobre medo. A Tortura do Medo explora seus traumas de infância, crises sexuais e vingança assassina quando adulto."
学園黙示録 HIGHSCHOOL OF THE DEAD ドリフターズ・オブ・ザ・デッド,https://image.tmdb.org/t/p/w500/qXy2J2oy6JF369gZuUIQkr7MQn0.jpg,N/A
The Rocky Horror Picture Show,https://image.tmdb.org/t/p/w500/kamLDqtDJWCSqyPATb3b2kVIXeh.jpg,"Um casal de noivos se vê obrigado, em virtude de um problema com o carro, a irem a um estranho castelo pedirem auxílio, sem saberem que ele é habitado por alienígenas de um outro planeta e que o anfitrião, exatamente naquela noite, vai ver uma criatura criada por ele apenas para lhe dar prazer."
Um Lugar Silencioso - Parte II,https://image.tmdb.org/t/p/w500/bqWvndlCAcBteUaHOL5HHEN5uHn.jpg,"Logo após os acontecimentos mortais, até mesmo dentro de casa, a família Abbott precisa agora encarar o terror mundo afora, continuando a lutar para sobreviver em silêncio. Obrigados a se aventurar pelo desconhecido, eles rapidamente percebem que as criaturas que caçam pelo som não são as únicas ameaças que os observam pelo caminho de areia."
Pânico,https://image.tmdb.org/t/p/w500/cJj2gYzkPFSqYGGOhfLgeANlXkB.jpg,"Após uma série de mortes misteriosas, um grupo de amigos são ameaçados por um assassino. Em uma mistura de emoções fortes e muitos sustos, aqui a única coisa que se pode ter certeza é que todos são vítimas e todos são suspeitos."
A Mosca,https://image.tmdb.org/t/p/w500/dQWmNTzZBRuxDGiLsuKuPXJQES1.jpg,"Seth Brundie é um cientista excêntrico que trabalha numa nova invenção, uma máquina de teletransporte - a TelePod. Ao seu lado, tem Veronica, uma jornalista que acompanha seus projetos acreditando ser essa a história do ano. Ao experimentar seu novo invento, Seth não percebe que uma mosca entrou na cabine do teletransporte. O imprevisto faz com que os padrões moleculares do homem e do inseto se misturem e, pouco a pouco, o cientista vai sofrendo terríveis transformações."
A Lenda do Cavaleiro Sem Cabeça,https://image.tmdb.org/t/p/w500/6bt8qmhxVsgbxFLQCoAcekdCFiw.jpg,"A história de Ichabod Crane e o Cavaleiro Sem-Cabeça baseia-se na obra ""The Legend of Sleepy Hollow"", de Washington Irving. Ichabod é um professor muito esquisito. Ele fica apaixonado pela bela Katrina e ganha um inimigo, Broom. Mas é muito difícil Ichabod vencer essa briga para ficar com Katrina e Broom vai usar uma arma contra Ichabod: seu medo pelos fantasmas."
I Am a Hero,https://image.tmdb.org/t/p/w500/fro3ipm2FVUmbedORv0aDTfSt6A.jpg,"Hideo é um assistente de mangá de 35 anos, cuja vida parece estar estagnada em torno de seu trabalho cansativo mas mal remunerado, sonhos não realizados, estranhas alucinações e relacionamentos insatisfatórios. Ele se vê como um personagem coadjuvante em sua própria vida, tem baixa auto-estima, resultando em frustração. Um dia, seu mundo é abalado pela presença de uma doença que transforma as pessoas em maníacos homicidas, cujo primeiro instinto é atacar e devorar o humano mais próximo."
Jogos Mortais,https://image.tmdb.org/t/p/w500/lwTKflT7UbQCTyImbuq6eamUKwb.jpg,"Dois homens acordam acorrentados em um banheiro como prisioneiros de um assassino em série que leva suas vítimas a situações limítrofes em um jogo macabro. Para sobreviver, eles terão de desvendar juntos as peças desse quebra-cabeças doentio."
Quando a Morte Sussurra,https://image.tmdb.org/t/p/w500/z9GjAzLasH7ODs8p0XVvrkeorSW.jpg,"Em uma aldeia remota, um espírito sanguinário entra no corpo de uma jovem, e seu irmão mais velho lidera os esforços para detê-lo antes que ela seja consumida pelo mal."
Twin Peaks: Os Últimos Dias de Laura Palmer,https://image.tmdb.org/t/p/w500/69GrIEaBRM4YxdTfr1mazm9yUDE.jpg,"Durante a investigação de uma morte, um agente encontra uma importante pista e desaparece. Futuramente, Laura Palmer vive os últimos dias antes de ser assassinada."
A Profecia,https://image.tmdb.org/t/p/w500/uHemQhtg5n5jPYMLeFFTPfMsvFE.jpg,"O embaixador americano e a esposa querem muito ter filhos. Quando ela dá à luz um bebê morto e um padre sugere que adotem um recém-nascido saudável e órfão, ele aceita sem contar à mulher. O que ele não sabe é que o bebê é o anticristo."
Um Cão Andaluz,https://image.tmdb.org/t/p/w500/wUaveLkOecsWKGgXqiYs7IMzaJp.jpg,Sonho? Realidade? Subconsciente? Uma aventura surrealista de Luis Buñuel e Salvador Dalí.
A Máscara do Demônio,https://image.tmdb.org/t/p/w500/jrgLAAg1Q0hvm9Dq1Dqhu7dF123.jpg,Uma bruxa vingativa e seu servo diabólico retornam da sepultura e iniciam uma campanha sangrenta para possuir o corpo do belo descendente da bruxa. Apenas o irmão da garota e um belo médico estão em seu caminho.
Tucker e Dale Contra o Mal,https://image.tmdb.org/t/p/w500/fgTI1Azpk6iE2DCk5A8LN0SbAid.jpg,"Dois caipiras, Tucker e Dale, tornam-se vítimas da insanidade de um grupo de jovens em férias, que os confundiu com assassinos. Quando eles vêem Dale tentando salvar uma de suas amigas que está se afogando, acham que ele a está levando para ser assassinada em um cabana no meio da floresta. Tentando resgatar a amiga, o grupo de jovens se separa e Tucker e Dale tentam entender por que esses garotos estão se matando."
Um Lobisomem Americano em Londres,https://image.tmdb.org/t/p/w500/sfYUcV6iSH4DLVUtLYQ1wViBSw6.jpg,"Os americanos David e Jack viajam de mochila às costas pela Grã-Bretanha quando são atacados por um lobo. David sobrevive com uma mordida, mas Jack não resiste. Enquanto se recupera no hospital, David é atormentado por pesadelos com seu amigo mutilado, que o avisa que ele está virando um lobisomem."
Um Lugar Silencioso,https://image.tmdb.org/t/p/w500/eUmlIbsCQKQ7G5VxDn8A6PVElY7.jpg,"Em uma fazenda dos Estados Unidos, uma família do meio-oeste é perseguida por uma entidade fantasmagórica assustadora. Para se protegerem, eles devem permanecer em silêncio absoluto, a qualquer custo, pois o perigo é ativado pela percepção do som."
Pesadelo no Inferno,https://image.tmdb.org/t/p/w500/dheVE1P3Heut1AjpW0Kgp6L1F0.jpg,"Pauline acaba de herdar uma casa de sua tia e então decide morar lá com suas duas filhas, Beth e Vera. Mas, logo na primeira noite, o lugar é atacado por violentos invasores e Pauline faz de tudo para proteger as crianças. Dezesseis anos depois, as meninas, agora já crescidas, voltam para a casa e se deparam com coisas estranhas."
Fome Animal,https://image.tmdb.org/t/p/w500/bb1xtx1aUfxGgKfZKEgfj5ni6Ig.jpg,"Lionel (Timothy Balme) é um rapaz quieto e reservado. Ele está apaixonado pela doce Paquita (Diana Penalver) e acredita que eles estão destinados a serem felizes para sempre. Sua mãe Vera (Elizabeth Moody) é possessiva e não gosta de imaginar seu filhinho amando outra pessoa. Quando Lionel e Paquita marcam um encontro romântico no zoológico, Vera os segue e acaba sendo mordida por uma criatura que se assemelha a um macaco. Logo, a mulher começa a se tornar um zumbi. A partir daí, Lionel terá de tentar esconder sua mãe do resto da sociedade antes que a praga zumbi se espalhe."
Godzilla Versus Biollante,https://image.tmdb.org/t/p/w500/amFCbuMb0hSr1gXc7rOerH8ohz.jpg,"Um cientista combina células de uma rosa com as de Godzilla, criando um tipo de monstro nunca visto antes."
Entrevista com o Vampiro,https://image.tmdb.org/t/p/w500/oKqRTSEeOaO6x4pqc5y36qnnHsq.jpg,"Na São Francisco dos anos 1990, um jornalista entrevista um jovem que afirma ser vampiro, narrando suas experiências dos últimos 200 anos. Em flash-back, conhecemos Louis de Pointe du Lac (Brad Pitt), um homem que perdeu a mulher, morta durante o parto, e também a vontade de viver. Com a ajuda de uma criatura da noite, Lestat de Lioncourt (Tom Cruise), ele se torna um vampiro e precisa aprender uma nova forma de vida."
O Gato Preto,https://image.tmdb.org/t/p/w500/t98DjYwe15NY4bCAKUZgg1bHb6G.jpg,"Uma mulher e a sua nora são atacadas e violadas por um grupo de samurais, que as matam quando incendeiam a cabana onde vivem. Pouco tempo depois, duas mulheres muito parecidas com as mulheres mortas entram em cena, atraindo samurais solitários para sua casa com intenções sombrias e vingativas."
Repulsa ao Sexo,https://image.tmdb.org/t/p/w500/fIkRdJGxZ74kEj9wLmoHmDcUcDM.jpg,"Carol Ledoux é uma manicure tímida, virgem e sexualmente reprimida. É constantemente assediada por um homem apaixonado. Quando sua irmã viaja com o namorado, fica sozinha em casa. Solitária, perturbada e gradativamente alucinada, revela um lado obscuro de seu comportamento, movida pelo sofrimento e por sua repulsa à sexualidade."
Vampira Humanista Procura Suicida Voluntário,https://image.tmdb.org/t/p/w500/7ykEOeYVD90w3yxc64jC1qo9qza.jpg,"Sasha é uma jovem vampira com um problema sério: ela é sensível demais para matar. Quando seus pais, desesperados, cortam seu suprimento de sangue, sua a vida passa a correr perigo. Felizmente, ela conhece Paul, um adolescente solitário com tendências suicidas que está disposto a dar a vida para salvar a dela. Mas o acordo amigável deles logo se torna uma busca noturna para cumprir os últimos desejos de Paul antes do amanhecer."
A Hora do Lobo,https://image.tmdb.org/t/p/w500/i74Ysis4GJiTh8ckByN3XH6Apja.jpg,"Um pintor e sua esposa vão morar em uma ilha afastada de tudo e conhecem um misterioso grupo de pessoas que passam a trazer angústias ainda maiores à vida do casal, que já estava atormentado pelos pesadelos do pintor e por conflitos psicológicos. Durante a hora do lobo, entre a meia-noite e a aurora, ele conta para sua esposa suas memórias mais dolorosas, e começa a questionar a própria lucidez."
A Dança dos Esqueletos,https://image.tmdb.org/t/p/w500/m1qjVAp4AeOQF79QwinIxZDbUAN.jpg,"O relógio bate meia noite, morcegos voam pelo céu, um cachorro uiva para a lua cheia e dois gatos pretos brigam no cemitério: a hora perfeita para quatro esqueletos saírem e dançarem como nenhuma criatura viva poderia."
O Lamento,https://image.tmdb.org/t/p/w500/mL4vGghS5XtgeNIPjhoTg8Tv5cJ.jpg,"A chegada de um misterioso estranho em uma aldeia tranquila coincide com uma onda de assassinatos cruéis, causando pânico e desconfiança entre os moradores. Quando a filha do oficial de investigação Jong-Goo cai sob a mesma magia selvagem, ele chama um xamã para ajudar a encontrar o culpado."
Alucinações do Passado,https://image.tmdb.org/t/p/w500/qwDo6S5PDR8WQyCFhwXeOGJz9cc.jpg,"O veterano da Guerra do Vietnã Jacob Singer é atormentado pelas lembranças vívidas da guerra e pela morte dolorosa de seu filho. Sem saber se está sofrendo de estresse pós-traumático, demência ou algo paranormal, Jacob perde rapidamente o controle."
Invocação do Mal 3: A Ordem do Demônio,https://image.tmdb.org/t/p/w500/fNu88PdpStJGe09AUYmqTn6NEXB.jpg,Um dos casos mais sensacionais de seus arquivos começa com a luta pela alma de um garoto e depois os leva para além de qualquer coisa que já tenham visto. Esse caso marcou a primeira vez na história dos Estados Unidos em que um suspeito de assassinato alegou possessão demoníaca como defesa.
Eraserhead,https://image.tmdb.org/t/p/w500/mxveW3mGVc0DzLdOmtkZsgd7c3B.jpg,"Ao chegar em casa, Henry é avisado por sua vizinha de que foi chamado para um jantar na casa de sua ex namorada. Após uma refeição bizarra com uma família ainda mais estranha, Henry é informado que sua ex engravidou dele e teve o filho com poucas semanas de gestação; ele é então obrigado a casar-se e levar a mulher e a criança para viverem em seu apartamento."
Faça Ela Voltar,https://image.tmdb.org/t/p/w500/xfmnUz6C5WRboIMQZD0j3SNDT7v.jpg,"Dois meios-irmãos, Andy e Piper, têm suas vidas viradas de cabeça para baixo após encontrarem o pai morto no banheiro, o que os leva a um lar adotivo. Eles são alocados para a casa de Laura, uma conselheira pedagógica excêntrica que se torna sua nova guardiã, e que também adota um jovem mudo chamado Oliver. Longe da cidade grande, o imóvel onde os irmãos passam a viver esconde segredos sinistros. A descoberta de um ritual aterrorizante nesse local ameaça destruir para sempre o vínculo entre Andy e Piper, transformando a relação fraterna em uma dor profunda."
A Hora do Pesadelo,https://image.tmdb.org/t/p/w500/8cXxfVhSdTL1tC5ivC0mX74QQyI.jpg,"Um grupo de adolescentes tem pesadelos horríveis, onde são atacados por um homem deformado com garras de aço. Ele apenas aparece durante o sono e, para escapar, é preciso acordar. Os crimes vão ocorrendo seguidamente, até que se descobre que o ser misterioso é na verdade Freddy Krueger, um homem que molestou crianças na rua Elm e que foi queimado vivo pela vizinhança. Agora Krueger pode retornar para se vingar daqueles que o mataram, através do sono."
Fragmentado,https://image.tmdb.org/t/p/w500/ztYvYWpSpFtzM2w5MwsmNzzQbJg.jpg,"Embora Kevin tenha revelado 23 personalidades a seu psiquiatra, uma ainda permanece submersa, pronta para se materializar e dominar todas as outras. Quando sua compulsão o força a raptar três adolescentes, Kevin vive uma guerra para sobreviver dentre os que habitam dentro dele, além dos outros  em tono dele, à medida que as divisões que separam seus compartimentos começam a se despedaçar."
O Velho Moinho,https://image.tmdb.org/t/p/w500/1j9SAE68VSHEwU5AGcswaQkVd0I.jpg,"Uma construção antiga, no meio de uma bela paisagem bucólica e que serve de abrigo para alguns animais como passarinhos e ratinhos. No entanto, ao cair da noite, uma tempestade ameaça não apenas o moinho, mas os seus moradores."
O Homem de Palha,https://image.tmdb.org/t/p/w500/2eDub2VaMdy8mntxwGTE63g388q.jpg,"O Sgt. Howie investiga o desaparecimento de uma criança na ilha escocesa de Summerisle. Um cristão conservador, ele fica incomodado com os rituais pagãos e o comportamento sexual dos moradores, principalmente de Willow, filha do magistrado. Sua investigação mergulha nos costumes peculiares da ilha."
Um Clarão nas Trevas,https://image.tmdb.org/t/p/w500/cNW3ewCB52KkxzSE47PcE5Bqvmr.jpg,"Uma boneca recheada de heroína é a razão desta trama que envolve Roat (Alan Arkin), um frio assassino psicopata, e Susy (Audrey Hepburn), uma moça que ficou cega e ainda não aprendeu a viver na escuridão. Seus caminhos se cruzam em uma noite de medo e agonia, onde a escuridão é a única chance de fuga para Susy."
Five Nights at Freddy's - O Pesadelo Sem Fim,https://image.tmdb.org/t/p/w500/1yUbmAiw2cUSpyXNIaiST7JzCtG.jpg,"Enquanto passa sua primeira noite no trabalho, um problemático guarda de segurança da Pizzaria Freddy Fazbear logo percebe que não será uma tarefa fácil sobreviver ao seu primeiro turno."
Possessão,https://image.tmdb.org/t/p/w500/xtH5Kd2eNU08BTCLGOVI488WE6f.jpg,"Uma jovem abandona sua família sem um motivo específico. O marido está determinado a descobrir a verdade e começa a seguir a mulher. A princípio, ele suspeita que um homem está envolvido. Mas, aos poucos, ele descobre mais e mais comportamentos estranhos e incidentes bizarros que indicam algo mais do que um caso de amor."
"Carrie, A Estranha",https://image.tmdb.org/t/p/w500/bDgI10ARAA8xgeIOtEnQpYeYymA.jpg,"A quieta e sensível adolescente Carrie White enfrenta insultos dos colegas na escola e abuso em casa de sua mãe, uma fanática religiosa. Quando estranhos acontecimentos começam a acontecer em torno de Carrie, ela começa a suspeitar que tem poderes sobrenaturais."
Hausu,https://image.tmdb.org/t/p/w500/2nAHJUGcoruIa9h8ONekhNOqsMm.jpg,"Na esperança de encontrar um senso de conexão com sua falecida mãe, Gorgeous faz uma viagem ao campo para visitar sua tia, na sua casa natal. Ela convida seus seis amigos: Prof, Melody, Mac, Fantasy, Kung Fu e Sweet para se juntarem a ela. Logo, as meninas percebem que há algo além do normal nesta velha casa."
O Segredo do Bosque dos Sonhos,https://image.tmdb.org/t/p/w500/unTYv1muZv9rEWQdWdpj320BkZz.jpg,"Baseado em fatos reais, um maníaco realiza uma série de assassinatos envolvendo um grupo de crianças em um vilarejo da Sicília, na Itália. Com a cidade à beira da histeria, todos passam a serem suspeitos. Andrea Martelli (Tomas Milian) é um jornalista e tenta desvendar o verdadeiro culpado, enquanto a bela Patrizia (Barbara Bouchet) tenta se livrar das suspeitas levantadas contra ela, mas o medo acaba formando uma onda de violência com pessoas inocentes."
O Corcunda de Notre Dame,https://image.tmdb.org/t/p/w500/m6fsyHeqSQs4tktk9q3awgo7IzF.jpg,"Esta produção estrelada por Charles Laughton, que estava no auge de sua carreira quando personificou Quasímodo (o Corcunda), recebeu duas indicações ao Oscar, em 1939. É provavelmente, a melhor interpretação dada ao triste personagem, morador da Catedral de Notre Dame, que perambula pelos impressionantes cenários de Paris, criados especialmente para o filme, em Hollywood. Maureen O'Hara está perfeita como a linda cigana Esmeralda, pela qual Quasímodo se apaixona desesperadamente, a ponto de romper a paz da imponente e secular Catedral, aterrorizando a população."
Mártires,https://image.tmdb.org/t/p/w500/969mH6AnksRNWMHhGxVbFa6l9qj.jpg,Duas jovens que foram vítimas de abuso quando crianças embarcam em uma sangrenta jornada de vingança e acabam envolvidas em um caminho obscuro.
O Segundo Rosto,https://image.tmdb.org/t/p/w500/5G3q3OvulFTnFdiouaZdD8wjtIc.jpg,"Um infeliz banqueiro de meia-idade concorda com um procedimento que falsificará sua morte e lhe dará um visual e uma identidade completamente novos - um que vem com seu próprio preço.  O banqueiro de meia-idade Arthur Hamilton tem a oportunidade de começar uma vida completamente nova quando recebe ligações de seu velho amigo Charlie. O único problema é que Charlie deveria estar morto. Hamilton é eventualmente apresentado a uma empresa que finge sua morte e cria um visual e uma vida inteiramente novos para ele. Depois de passar por cirurgias de reconstrução física e meses de treinamento e psicoterapia, Hamilton retorna ao mundo na forma do artista Tony Wilson. Ele tem uma boa casa em Malibu e um criado, um funcionário da empresa que está lá para ajudá-lo em seu ajuste. Ele acha que a vida que ele esperava não é exatamente o que ele esperava e pede à empresa para passar pelo processo com resultados surpreendentes.  (e 14 - Estimado 14 Anos)"
Um Crime Americano,https://image.tmdb.org/t/p/w500/vJx8tA2JtEQeEg6wR3uwEgf18hv.jpg,"Baseado na história real que chocou aos EUA nação em 1965. Sylvia (Ellen Page) e Jennie Fae Likens (Hayley McFarland), as duas filhas de um casal de circo são deixadas para uma estadia demorada em Indianápolis, na casa Gertrude Baniszewski, uma mãe solteira com sete crianças. As necessidades financeiras de Gerturdes (Catherine Keener), obrigam-na a fazer este arranjo antes de perceber como esta obrigação, levará sua natureza instável a um ponto de ruptura, mantendo as meninas presas no porão de sua casa."
Violência Gratuita,https://image.tmdb.org/t/p/w500/kGHyaJTZgCCTOIq4AuszntNP1lG.jpg,"Dois rapazes sequestram uma família em sua própria casa e propõem um jogo sádico. Para sobreviver, George, Anna e seu filho terão que vencer uma série de provas propostas pelos sequestradores."
Liga da Justiça Sombria,https://image.tmdb.org/t/p/w500/3vgqMPgkJ4WuSIs3ZGhO4ojTkE9.jpg,"Um grupo de anti-heróis sobrenaturais se unem para enfrentar ameaças ocultas, ameaças sobrenaturais, ameaças que talvez Batman, Superman e companhia não conseguiriam vencer. O clã é formado por personagens como John Constantine, Zatanna, o Monstro do Pântano, Etrigan, o Demônio, e a Orquídea Negra."
Seis Mulheres para o Assassino,https://image.tmdb.org/t/p/w500/cIIZzZSaqlzuETLRz2UaSnsnbxF.jpg,"O assassinato da modelo Isabella por um assaltante mascarado dá início a uma investigação. Seu diário é encontrado, detalhando os vícios da grife e uma complexa teia de chantagem e segredos. Quando o pânico se espalha e o assassino sem rosto sai em busca do diário, as modelos são mortas uma por uma."
Hereditário,https://image.tmdb.org/t/p/w500/wonYMeHauhrxSi5UTOtj5L479mS.jpg,"Após a morte da reclusa avó, a família Graham começa a desvendar algumas coisas. Mesmo após a partida da matriarca, ela permanece como se fosse uma sombra sobre a família, especialmente sobre a solitária neta adolescente, Charlie, por quem ela sempre manteve uma fascinação não usual. Com um crescente terror tomando conta da casa, a família explora lugares mais escuros para escapar do infeliz destino que herdaram."
Invocação do Mal 2,https://image.tmdb.org/t/p/w500/dOPVzDQdRQtSan36LpLwWcfzCgu.jpg,"Lorraine e Ed Warren ajudam uma mãe solteira a criar seus quatro filhos numa casa assombrada por espíritos malignos. Conhecido como a Amityville da Inglaterra, o Poltergeist de Enfield foi o caso mais documentado na história da paranormalidade. Descubra a verdade por trás do evento que chocou o mundo."
O Homem Que Ri,https://image.tmdb.org/t/p/w500/xatKRPtXuNyPO87MNX2D7DXwwQg.jpg,"Na Inglaterra do ano de 1690 é apresentada a história de Gwynplaine, o filho de um nobre Inglês que teria traído o Rei James II da Inglaterra. As sentenças do monarca foram a execução do pai de Gwynplaine na dama de ferro e a solicitação a um cirurgião, o Dr. Hardquannone, que desfigurasse o rosto do menino, condenado a ""rir"" para sempre. Gwynplaine é visto vagando por uma tempestade de neve e conhece uma menina cega abandonada, Dea. As duas crianças são eventualmente acolhidas por um homem chamado Ursus. Os anos passam e Gwynplaine se apaixona por Dea, mas se recusa a casar com ela porque sente indigno por causa de sua desfiguração. Os três ganham a vida através de peças que destacam o fascínio do público com a desfiguração do Gwynplaine."
Lights Out,https://image.tmdb.org/t/p/w500/1VzEIaYWO9HFIp6lgjfbLRJRKSF.jpg,N/A
A Meia-Irmã Feia,https://image.tmdb.org/t/p/w500/2dEoQ2eWk3evQQBNUxPnZsPDq1N.jpg,"Elvira, meia-irmã de Cinderela, vive com a família em um poderoso reino onde poucas coisas são tão importantes quanto a beleza. Ela recorre a medidas extremas para cativar o príncipe, em meio a uma competição implacável pela perfeição física."
Com a Maldade na Alma,https://image.tmdb.org/t/p/w500/lyCU3gyCKUEvrOrSoimhtgSHrDk.jpg,"A rica solteirona Charlotte Hollis vive com sua excêntrica empregada em uma mansão decadente no sul dos EUA. Evitada pelos moradores da cidade por causa da morte violenta de seu ex-marido, Charlotte recebe a visita de uma prima invejosa e seu marido."
Espíritos: A Morte Esta Ao Seu Lado,https://image.tmdb.org/t/p/w500/bU1VpBYfWyOPF4Zt3eriViZUEAy.jpg,"Thun (Ananda Everingham), um jovem fotógrafo, e sua namorada Jane (Natthaweeranuch Thongmee) atropelam acidentalmente uma pedestre. Eles fogem da cena do crime e retornam às suas vidas normais, em Bangkok. A partir de então Jane passa a ser atormentada por estranhos pesadelos, enquanto que Thun nota que em suas fotos aparecem estranhas figuras, parecidas com fantasmas. O casal decide investigar o fenômeno e encontra outras fotografias com imagens sobrenaturais. Paralelamente os melhores amigos de Thun começam a morrer, um a um, de forma misteriosa."
Resident Evil: Ilha da Morte,https://image.tmdb.org/t/p/w500/bDqY2AYYdZQykEhmDr87i8RKKTT.jpg,"Em São Francisco, Jill Valentine está lidando com um surto de zumbis e um novo T-Virus, Leon Kennedy está no encalço de um cientista DARPA sequestrado e Claire Redfield está investigando um peixe monstruoso que está matando baleias na baía. Acompanhados por Chris Redfield e Rebecca Chambers, eles descobrem que as pistas de seus casos separados convergem para o mesmo local, a Ilha de Alcatraz, onde um novo mal se estabeleceu e aguarda sua chegada."
O Segredo de Marrowbone,https://image.tmdb.org/t/p/w500/pDG8c3K1swhyshu7KxvoYzCSrZi.jpg,"Quatro irmãos, devastados com a morte trágica da mãe, decidem se refugiar em uma localidade rural, temendo ser separados pelo serviço social. No entanto, o local esconde um obscuro e perigoso segredo que desafiará a união e sobrevivência dos quatro."
A Espinha do Diabo,https://image.tmdb.org/t/p/w500/ig8rIPSUKg5ZLKv78cuaZ2gTTwg.jpg,"Depois que Carlos, um garoto de 12 anos cujo pai morreu na Guerra Civil Espanhola, chega a um orfanato ameaçador de meninos, ele descobre que a escola é assombrada e tem muitos segredos obscuros que ele deve descobrir."
O Massacre da Serra Elétrica,https://image.tmdb.org/t/p/w500/p4ASEhC23kteI4pabD3cvFccCgO.jpg,"Em 1973, a polícia texana deu como encerrado o caso de um terrível massacre de 33 pessoas provocado por um homem que usava uma máscara feita de pele humana. Nos anos que se seguiram os policiais foram acusados de fazer uma péssima investigação e de terem matado o cara errado. Só que dessa vez, o único sobrevivente do massacre vai contar em detalhes o que realmente aconteceu na deserta estrada do Texas, quando ele e mais 4 amigos estavam indo visitar o seu avô."
Noite Passada em Soho,https://image.tmdb.org/t/p/w500/CoxPI6x2yi2CN229KY3EDO20jR.jpg,"Uma jovem apaixonada por moda misteriosamente ganha a chance de voltar aos anos 60 e encontrar sua ídola, uma encantadora cantora aspirante. Mas a Londres dessa década não é o que parece e logo o tempo começa a desmoronar com perigosas consequências."
"Nosferatu, o Vampiro da Noite",https://image.tmdb.org/t/p/w500/mJozCdRVQ20ppkq6Qu9uet0gjuK.jpg,"Jonathan Harker é enviado à Transilvânia para completar a negociação de algumas propriedades com um homem chamado Conde Drácula. No caminho encontra camponeses que tentam dissuadi-lo, dizendo que coisas sobrenaturais acontecem no castelo do Conde, mas Harker continua sua missão para concluir a negociação e seu trabalho."
Gonjiam: Manicômio Assombrado,https://image.tmdb.org/t/p/w500/cHzyFneiUCBT0FWYFqna5XE3lsj.jpg,"A equipe de um web show de horror planeja transmitir ao vivo a partir de um asilo desativado. Para atrair mais espectadores, o apresentador do programa organiza alguns sustos para a equipe, mas à medida que exploram o prédio antigo, eles começam a encontrar muito mais do que o esperado."
Uma Noite Alucinante: A Morte do Demônio,https://image.tmdb.org/t/p/w500/dCdXagFYR7WwaHuVmZgzw4F0KpP.jpg,"Cinco estudantes da Universidade de Michigan decidem passar um final de semana em uma casa isolada. Lá eles encontram o livro dos mortos, um documento que data da época da Babilônia e que está relacionado ao livro dos mortos egípcio. Enquanto vasculham a casa os amigos gravam em fita alguns encantamentos demoníacos, escritos no livro. A partir de então eles são possuídos por espíritos, um a um. O primeiro alvo é Cheryl, brutalmente estuprada pelas forças do mal. Ash, seu irmão, resolve levá-la a uma cidade próxima, mas descobre que a única ponte que leva ao local está destruída. Logo a transformação de Cheryl em demônio é concluída, resultando em seu ataque aos amigos."
O Estrangulador de Rillington Place,https://image.tmdb.org/t/p/w500/aQP2rSIciaeb2FGPeOQIWsCysts.jpg,"Baseado no caso da vida real do assassino em série britânico John Christie, e o que aconteceu com seus vizinhos Tim e Beryl Evans. Londres, 1949. John Christie é um homem modesto, de meia-idade que, junto com sua esposa Ethel, vive no apartamento térreo no 10 Rillington Place. Seu comportamento mascara o fato de ser um assassino em série. Seu modus operandi é agir como uma pessoa com algum conhecimento médico, atraindo mulheres inocentes para seu apartamento para cura-los de alguma doença, deixa-los inconscientes com o gás monóxido de carbono, se satisfazer sexualmente com o corpo inconsciente, e em seguida estrangular a vítima e descartar o corpo em algum lugar. e 16."
O Vampiro,https://image.tmdb.org/t/p/w500/pyoOy9Up3F78bwYllS9M0SCou9b.jpg,"A história gira em torno de Allan Grey, um jovem interessado pelo sobrenatural, que um dia recebe a visita de um estranho senhor. Ao segui-lo, Allan descobre que Léone, uma das filhas deste senhor, está cada vez mais doente. Ao ler um livro que o senhor lhe deu antes de morrer, Allan descobre que Léone é vítima de uma vampira, que é ajudada pelo doutor da vila em sua busca por alimento. Allan parte com um dos servos do senhor para destruir a vampira."
Uma Noite Alucinante 3,https://image.tmdb.org/t/p/w500/l9f2prMV3b9VtyZRIFHZ6gSfWdD.jpg,"Ash é enviado para o ano 1300 A.C., por ser considerado o profeta que encontrará o livro dos mortos e livrará a população do terror dos Deadites. Porém antes que as pessoas saibam o real objetivo de sua viagem ele é capturado, por ser considerado um espião de um reino rival. Após se libertar, Ash parte em busca do livro. Ao encontrá-lo ele diz as palavras erradas, de forma que possa retornar ao presente. Só que esta tentativa desperta o exército dos mortos, que tem como líder uma contraparte do próprio Ash."
Zumbilândia,https://image.tmdb.org/t/p/w500/mXuFhb5U2FgVq8uu4k3luQVRwLK.jpg,"Um estudante tímido tentando chegar até sua família em Ohio, um cara durão armado tentando encontrar o último Twinkie e duas irmãs tentando encontrar um parque de diversões se unem para viajar através de uma América cheia de zumbis."
A Hora do Mal,https://image.tmdb.org/t/p/w500/psEJSjQr6I9GSJTdW28CKC4Kffs.jpg,"Quando todas as crianças de uma mesma classe, exceto uma, somem misteriosamente, na mesma noite e exatamente ao mesmo tempo, todos da cidade começam a se questionar quem ou o que está por trás deste estranho desaparecimento."
Horror de Drácula,https://image.tmdb.org/t/p/w500/j734H7OwkrtTqG7hAh9TpqPp3Ve.jpg,"Jonnathan Harker morre aparentemente vítima de um vampiro. Ao investigar a misteriosa morte do amigo, Van Helsing encontra um diário que incrimina o Conde Drácula. Mas Lucy, a prometida de Harker, também foi atacada por um vampiro. O irmão e a cunhada da moça se unem a Van Helsing para capturar a sanguinária criatura."
Naruto Shippuden O Filme: Prisão de Sangue,https://image.tmdb.org/t/p/w500/gTQjUgNPv8uJATb8PNZNowxfehF.jpg,"Começa a batalha de Naruto para recuperar a sua honra! Naruto é condenado por um crime grave que não cometeu e é enviado para a prisão inescapável, o Castelo Hozuki."
Videodrome: A Síndrome do Vídeo,https://image.tmdb.org/t/p/w500/bfXBITvihMWvCb9C6W2niq1SY2r.jpg,"Max Renn (James Woods), o dono de uma pequena emissora de televisão a cabo, capta imagens de uma ""snuff,"" que seriam cenas de pessoas que eram realmente torturadas e mortas. Inicialmente os sinais pareciam vir da Malásia, mas depois descobre-se que eram gerados em Pittsburgh. Gradativamente Max fica sabendo que esta transmissão se chama Videodrome, que na verdade é muito mais que um mórbido show de televisão. Max começa a sofrer efeitos bizarros e alucinógenos destas transmissões, se vendo no meio das forças que criaram e querem controlar o Videodrome. Mas Max descobre que seu corpo pode ser a última arma que poderá usar contra seus inimigos."
Pelos Caminhos do Inferno,https://image.tmdb.org/t/p/w500/5XwMDn2acQZ3CHuJ3EDXLg348G3.jpg,"Depois de uma aposta ruim num jogo, um professor é abandonado em uma cidade cheia de homens loucos, bêbados, violentos, que ameaçam transformá-lo também em louco, bêbado, e violento.  Pelos Caminhos do Inferno (Wake in Fright) é a história de John Grant, um professor endividado que chega em Bundanyabba, uma agreste cidade mineira do interior, onde planeja permanecer durante a noite antes de pegar o avião para Sydney. Mas essa uma noite se estende para cinco e ele mergulha de cabeça em direção a sua própria destruição. Quando a névoa induzida pelo álcool se evapora, o bem educado John Grant já não é mais tão bem educado. Em vez disso, temos um homem que se odeia, em uma terra desolada, sujo, de olhos vermelhos, sentado embaixo de uma árvore e olhando para um rifle com uma bala. e 16."
O Dia da Besta,https://image.tmdb.org/t/p/w500/2TJqXK2HccY0DyVMrtH8CODUWzu.jpg,"Um sacerdote acredita ter encontrado a mensagem secreta do livro do Apocalipse que o anti-cristo nascerá no dia 25 de dezembro em Madri. Para deter o anti-cristo, o sacerdote se une a um jovem aficionado por death metal chamado José María, tentando descobrir por todos os meios em que parte de Madri o evento apocalíptico ocorrerá. Com ajuda do vidente Cavan, que apresenta um programa sobre o sobrenatural, o sacerdote terá que enfrentar a chegada do demônio, profetizado como ""o dia da besta""."
Extermínio,https://image.tmdb.org/t/p/w500/pVTtJSvJoOofD1YoyPSGwWEWmJd.jpg,"Um poderoso vírus está a solta. Transmitido em uma gota de sangue e com efeito devastador em alguns segundos, o vírus mantém os infectados em um estado permanente de descontrole assassino. Dentro de 28 dias, o país está tomado e um punhado de sobreviventes inicia esforços para garantir algum futuro à raça humana, mas o que não percebem é que o vírus mortal não é a única coisa que os ameaça."
It: A Coisa,https://image.tmdb.org/t/p/w500/uYxz0lIiNgErrPhQbSjUdwYxtFc.jpg,"Na cidade de Derry, no Maine, sete jovens se juntam para combater uma criatura sobrenatural que está assombrando a sua cidade por séculos. Chamado de Pennywise – O Palhaço Dançarino, a Coisa é um monstro de força absoluta que toma a forma dos medos mais horrorosos das pessoas. Ameaçados por seus piores pesadelos, a única maneira dos jovens amigos sobreviverem à Coisa é se continuarem juntos."
Berserk: The Golden Age Arc I - The Egg of the King,https://image.tmdb.org/t/p/w500/zioHGKVDJd3OcJqrTsDCKKlYLMG.jpg,"Em uma terra assolada por uma guerra centenária, Guts viaja sozinho. Ele é um temível mercenário que confia apenas em seus instintos e em sua espada. Sem um lugar para chamar de lar, ele se une a Griffith, líder de um grupo de mercenários chamado ""Bando do Falcão"". Apesar do sucesso da parceria, o guerreiro solitário questiona os motivos de estar lutando pelos sonhos de outro homem. Será que um destino terrível aguarda os dois?"
Pearl: Uma História de Origem 'X',https://image.tmdb.org/t/p/w500/cTgLkhIMmzwH1NAaq7NDbFN20zi.jpg,"Presa na fazenda isolada de sua família, Pearl deve cuidar de seu pai doente sob o olhar amargo e autoritário de sua mãe devota. Desejando uma vida glamourosa como ela viu nos filmes, as ambições, tentações e repressões de Pearl colidem, na impressionante história de origem inspirada em technicolor da icônica vilã de X."
A Casa das Janelas Sorridentes,https://image.tmdb.org/t/p/w500/78DqEdnC7Suqif3eL3q6dep2rnV.jpg,"Stefano, um pintor, viaja até um vilarejo para restaurar uma pintura de São Sebastião sendo torturado. Depois de um tempo no vilarejo, Stefano descobre que algo não está certo. Ele descobre que o pintor do quadro era um insano que tentava capturar os últimos momentos da morte nas telas."
O Orfanato,https://image.tmdb.org/t/p/w500/f6npb07xOJBj3xLILSo8wXOHWga.jpg,"Laura (Belén Rueda) passou os anos mais felizes de sua vida em um orfanato, onde recebeu os cuidados de uma equipe e de outros companheiros órfãos, a quem considerava como se fossem seus irmãos e irmãs verdadeiros. Agora, 30 anos depois, ela retornou ao local com seu marido Carlos (Fernando Cayo) e seu filho Simón (Roger Príncep), de 7 anos. Ela deseja restaurar e reabrir o orfanato, que está abandonado há vários anos. O local logo desperta a imaginação de Simón, que passa a criar contos fantásticos. Entretanto à medida que os contos ficam mais estranhos Laura começa a desconfiar que há algo à espreita na casa."
O Médico e o Monstro,https://image.tmdb.org/t/p/w500/fRKR4HlpPtNBBWbCwJo6rMxKSyy.jpg,"O Dr. Henry Jekyll acredita que há dois lados distintos para os homens: Um lado bom e um mal. Ele acredita que, ao separar os dois, o homem pode se libertar. Ele tem êxito em seus experimentos com produtos químicos, se transforma em Hyde e comete crimes horríveis. Quando ele interrompe o uso da droga, já é tarde demais ..."
Fuja,https://image.tmdb.org/t/p/w500/3PFEWKFqfZZoxDpJNceL6XKzsGk.jpg,"Diane  criou sua filha, que usa cadeira de rodas, mantendo-a totalmente isolada do mundo exterior. Mas quando Chloe descobre os segredos sinistros de sua mãe, tudo que ela acreditava ser verdade começa a desmoronar."
[REC] Possuídos,https://image.tmdb.org/t/p/w500/sbovFTnO2eZ8NZZkwhoixdwUrAN.jpg,"Ao longo de uma noite, uma repórter e seu cameraman acompanham um grupo de bombeiros chamados para resgatar uma mulher presa em um edifício, com resultados apavorantes. Antes de se darem conta, moradores, ajudantes e equipe de resgate são trancados dentro do edifício devido a um vírus desconhecido."
Os Invasores de Corpos,https://image.tmdb.org/t/p/w500/7j0fFHJrG6QYkSgnR4X1xHGg0uu.jpg,"Matthew Bennell ouve a amiga reclamar que o marido anda se comportando estranhamente, mas acredita que sejam apenas problemas conjugais. Porém, ele fica preocupado quando outras pessoas começam a fazer as mesmas observações. Sua desconfiança é confirmada quando um escritor e sua esposa encontram um corpo de um mutante. Diante de um inimigo invisível, Matthew deve agir rapidamente antes que toda a cidade seja atingida."
À Beira da Loucura,https://image.tmdb.org/t/p/w500/6lpT7W9yvtCAmHQc4CnmnqtaYB0.jpg,"Com o desaparecimento do escritor de terror Sutter Cane, todo o Inferno está se soltando ... literalmente! Autor Cane, parece, tem um jeito para descrição que realmente traz seus malvados rastejantes para a vida. O investigador de seguros John Trent é enviado para investigar o misterioso desaparecimento de Cane e acaba na pacata cidadezinha de Hobb's End, na costa leste."
#Alive,https://image.tmdb.org/t/p/w500/fUEv9INjh1HEdbD9BAExioSO65a.jpg,"Um vírus terrível destrói a cidade, e um homem se tranca no apartamento para sobreviver. Desconectado do mundo, ele tenta desesperadamente encontrar uma saída."
Shin Gojira,https://image.tmdb.org/t/p/w500/aJnVDeqGvMc2mbwH8DJds652eEo.jpg,Um monstro gigante e radioativo apareece na baía de Tóquio e provoca o caos na cidade. Enquanto a criatura evolui as autoridades debatem como enfrentá-lo.
Boca do Inferno,https://image.tmdb.org/t/p/w500/7pzytL5NLGXINY5BhPpJTffrXPy.jpg,"O romancista erótico Taeko está escrevendo uma história mórbida de uma família destruída por incesto, assassinato e abuso. Seu assistente, Yuji, parte em uma missão para descobrir a realidade dessa história, mas a realidade pode ser demais para suportar."
Mansão Fantasma,https://image.tmdb.org/t/p/w500/fv0M8kyW95FpsrhoLTSCcEVR6hf.jpg,Um escritor de webtoon de terror viaja para um prédio de apartamentos em ruínas em busca de ideias. O zelador do prédio conta a ele sobre vários eventos estranhos que aconteceram ao longo da história do prédio.
Na Solidão da Noite,https://image.tmdb.org/t/p/w500/6bpPtLRMbfSkH0k6sLdJRIcEeq3.jpg,"Um arquiteto chega a uma casa de campo que precisa modernizar e tem a sensação de já tê-la visto em um pesadelo recorrente cujo final ele esqueceu. Na hora do chá, cinco convidados contam experiências sobrenaturais. Ao pôr do sol, deixado sozinho com o psicanalista Van Straaten, o arquiteto tenta estrangulá-lo. É o terrível final de um sonho do qual ele acorda. Mas um telefonema o convoca para uma casa de campo: é a mesma do sonho, e ele encontra as mesmas pessoas lá."
Rua do Medo: 1978 - Parte 2,https://image.tmdb.org/t/p/w500/uicSprflqrrhWykOuJjHQ9lSLJ1.jpg,"Na cidade amaldiçoada de Shadyside, uma onda de assassinatos aterroriza o Acampamento Nightwing, transformando as férias em uma luta pela sobrevivência."
A Volta dos Mortos Vivos,https://image.tmdb.org/t/p/w500/6DGsNitU2bO1n94GNwEeGX4PLMG.jpg,"Dois empregados de um armazém de medicamentos encontram no subsolo do estabelecimento barris do exército, lacrados e acidentalmente liberam um gás mortal no ar. Esse gás acaba re-animando os Mortos de um cemitério próximo, que vão querer apenas uma coisa dos vivos: seus miolos."
A Lenda do Cavaleiro Sem Cabeça,https://image.tmdb.org/t/p/w500/zxOuNnW2qrOOFtiPVJtx5aRAJoX.jpg,"O jovem e cético detetive Ichabod Crane é transferido para a aldeia de Sleepy Hollow, em Nova Iorque, onde é encarregado de investigar as decapitações de três pessoas - assassinatos que os habitantes da cidade atribuem a um fantasma lendário, O Cavaleiro Sem Cabeça."
Black Sabbath: As Três Máscaras do Terror,https://image.tmdb.org/t/p/w500/hRbCLQD3NB90NZ3UID3RdcEWut1.jpg,"Uma antologia de três histórias de terror baseada em contos de Aleksei Tolstoi, Ivan Chekhov e F. G. Snyder. Em ""O Telefone"", uma prostituta recebe uma série de telefonemas ameaçadores. Na segunda, ""O Wurdalak"", uma família russa é vítima de uma maldição vampiresca. Por fim, em ""A Gota d'Água"", uma enfermeira rouba o anel do cadáver de uma médium e passa a ser assombrada por seu fantasma."
A Aldeia dos Amaldiçoados,https://image.tmdb.org/t/p/w500/yo4rQ0qyDWc0D99G7lEjcTKPTQL.jpg,"Em uma pequena cidade da Inglaterra todas as pessoas, de forma inexplicável, desmaiam por algumas horas. Dois meses depois do acontecido todas as mulheres com possibilidade de ter filhos ficam grávidas. Quando as crianças nascem elas se revelam extremamente inteligentes e com traços desconhecidos da raça humana, sugerindo serem alienígenas."
O Retorno de Godzilla,https://image.tmdb.org/t/p/w500/59FSPren3eXwqN0M6GOzzCqiWtu.jpg,"Após 30 anos desde a sua aparição, o monstro famoso reaparece em Tóquio, destrói muitos navios e quase gera a Terceira Guerra Mundial."
Belzebuth,https://image.tmdb.org/t/p/w500/mlBfHKirPMVeBNvPxdKrTIKFXaW.jpg,N/A
Sweeney Todd: O Barbeiro Demoníaco da Rua Fleet,https://image.tmdb.org/t/p/w500/ldAJTuMoOacIXKj3gsPPFHENBWj.jpg,"Benjamin Barker é injustamente condenado a uma colónia penal por um juiz corrupto na Austrália, de onde foge após quinze anos de prisão. Determinado a encontrar a mulher e a filha, regressa a Inglaterra como o barbeiro Sweeney Todd, mas descobre que o  juiz que o condenou está prestes a se casar com a sua filha. Desesperado, ele mergulha gradualmente na loucura e decide vingar-se. Com a ajuda da Sra. Lovett, que esteve apaixonada por ele durante toda a sua vida, ele corta a garganta dos seus clientes, enquanto ela prepara os corpos nas suas famosas tortas de carne."
Jogos Mortais X,https://image.tmdb.org/t/p/w500/ch1BGjadaiPU59zYbb6zPUTZtyO.jpg,"Esperando por uma cura milagrosa, o adoecido John Kramer viaja para o México para um procedimento médico arriscado e experimental. Mas ao chegar no destino, se depara com um ambiente macabro, e descobre que toda a operação é uma farsa para enganar pessoas já vulneráveis. Agora armado com um novo propósito, o infame serial killer usa armadilhas insanas e engenhosas para virar o jogo contra os vigaristas, relembrando o motivo de ser conhecido como o terrível vilão Jigsaw."
O Menu,https://image.tmdb.org/t/p/w500/rxNelQvAjOmNGUUHRujmsHiPEIh.jpg,"Um casal viaja para uma ilha costeira para comer em um restaurante exclusivo onde o chef preparou um cardápio farto, com algumas surpresas chocantes."
Santa Sangre,https://image.tmdb.org/t/p/w500/6VTra0NR4ygRnq3bD922I4rU0Mq.jpg,"Fênix é um rapaz que está internado em uma clínica psiquiátrica por achar que é uma ave. Dorme em uma árvore, come apenas peixe e sequer se comunica com as pessoas. Para entender Fênix, é necessário voltar a seu passado e conhecer a tragédia ocorrida com seus pais."
Alien: Romulus,https://image.tmdb.org/t/p/w500/jB0W9tn4w07MFn7sTfqRTBLVytF.jpg,"Enquanto vasculham as profundezas de uma estação espacial abandonada, um grupo de jovens colonizadores espaciais se depara com a forma de vida mais aterrorizante do universo."
Endemoniada,https://image.tmdb.org/t/p/w500/ucRS5itC1Ea4kgg8h8QBlCo3qnG.jpg,"Após testemunhar uma tentativa de homicídio, Hae-won se sente ameaçada e decide sair de Seul, se refugiando numa pequena ilha que conhecera com os avós na infância. Mas nada na ilha será como antes, e ela terá que enfrentar uma realidade assustadora."
Drácula,https://image.tmdb.org/t/p/w500/e8XjFqHMm1uTQ6vBDdwHkDsCVtT.jpg,"Drácula é um conde vindo dos Cárpatos que aterroriza Londres por carregar uma maldição que o obriga a beber sangue humano para sobreviver. Após transformar uma jovem em vampira, ele concentra suas atenções em uma amiga dela, mas o pai da próxima vítima se chama Van Helsing, um cientista holandês especialista em vampiros que pode acabar com seu reinado de terror."
Extermínio: O Templo dos Ossos,https://image.tmdb.org/t/p/w500/tbECC1mMbytgaynCnBhgVPzCZcd.jpg,Dr. Kelson se vê envolvido num novo relacionamento chocante – com consequências que podem mudar o mundo como eles o conhecem – e o encontro de Spike com Jimmy Crystal se torna um pesadelo do qual ele não consegue escapar.
Poltergeist: O Fenômeno,https://image.tmdb.org/t/p/w500/dVYBZo9sqHrLcM3F32urM5ru0k1.jpg,"""Eles estão aqui"". E parecem amistosos no começo, tentando equilibrar cadeiras na cozinha da casa da família Freenlings, num subúrbio americano. Então, as coisas tornam-se tenebrosas. Uma tempestade rompe, o ataque de uma árvore, a pequena Carol Anne Freeling desaparece num espectro sinistro. E assim que sua família confronta uma reação em cadeia de horror e luta para trazer sua caçula de volta, alguma outra coisa está aqui também: um novo marco nas histórias de fantasmas em Hollywood."
Midsommar: O Mal Não Espera a Noite,https://image.tmdb.org/t/p/w500/hR4dXPlWq5Nekwjqbp3gFGeiiZS.jpg,"Dani e Christian formam um jovem casal americano com um relacionamento prestes a desmoronar. Mas depois que uma tragédia familiar os mantém juntos, Dani, que está de luto, convida-se para se juntar a Christian e seus amigos em uma viagem para um festival de verão único em uma remota vila sueca. O que começa como férias despreocupadas de verão em uma terra de luz eterna toma um rumo sinistro quando os moradores do vilarejo convidam o grupo a participar de festividades que tornam o paraíso pastoral cada vez mais preocupante e visceralmente perturbador."
O Mal que Nos Habita,https://image.tmdb.org/t/p/w500/t6cWfm0o5TzCa3nHtHhXpzjBc8V.jpg,"Em uma vila remota, dois irmãos encontram um homem possuído por demônios prestes a dar à luz ao mal encarnado. Eles decidem se livrar do sujeito, mas acabam apenas espalhando o caos."
Doutor Sono,https://image.tmdb.org/t/p/w500/1Sp02vj2faWSF72OqIM9E7HuSG9.jpg,"Ainda marcado pelo trauma que sofreu quando criança no Overlook Hotel, Dan Torrance enfrenta os fantasmas do passado quando conhece Abra, uma adolescente corajosa que precisa desesperadamente de sua ajuda – e que possui uma poderosa capacidade extra-sensorial chamada ""brilho""."
O Pássaro das Plumas de Cristal,https://image.tmdb.org/t/p/w500/d9DzUaZ5nqrMOuhBYcteprZPyrN.jpg,"Sam Dalmas é um escritor norte-americano que vive em Roma. Uma noite ele testemunha uma tentativa de assassinato cometida por um misterioso homem vestido de preto. A vítima sobrevive, mas como a polícia não consegue descobrir quem é o serial killer, Sam decide investigar por conta própria."
Gremlins,https://image.tmdb.org/t/p/w500/qVpNFHNjRkzfZj7bzOK803A0ctO.jpg,"Depois de receber um pequeno animal exótico como presente de Natal, um jovem erroneamente quebra três regras importantes sobre seu novo animal de estimação, o que libera uma horda de criaturas malévolas e travessas em uma pequena cidade."
Tara Maldita,https://image.tmdb.org/t/p/w500/jGat7GtV53SsNwiPDLlxvLFXzYg.jpg,"Garota de oito anos é a maldade em pessoa, além de egoísta e mentirosa. Somente a mãe sabe a verdade sobre essa terrível criança. Rhoda, de rosto angelical, é capaz de elaborar planos diabólicos para conseguir tudo que deseja, uma sociopata mirim em potencial."
Não Fale o Mal,https://image.tmdb.org/t/p/w500/tjj473rnrNzPwWgLFNF0gsPXmU.jpg,"Quando uma família americana é convidada a passar o fim de semana na idílica casa de campo de uma charmosa família britânica, com quem fizeram amizade nas férias, o que começa como um feriado dos sonhos logo se transforma em um assustador e paralisante pesadelo psicológico."
Espíritos 2: Você Nunca Está Sozinho,https://image.tmdb.org/t/p/w500/zNGLi2oxX7pLcNRjFb1iGfUX7hw.jpg,"A jovem Pim, mudou-se recentemente, da Tailândia para a Coréia. Lá ela pretende iniciar nova vida, ao lado de seu marido Vee, por quem é apaixonada desde criança. Entretanto, a doença de sua mãe os obriga a retornar à Tailândia, o que faz com que Pim, se recorde da infância e de sua irmã gêmea e siamesa, Ploy. Desde que voltou Pim, tem a sensação de que sempre existe alguém ao seu lado, o que é confirmado com a revelação de um antigo segredo de família."
O Retrato de Dorian Gray,https://image.tmdb.org/t/p/w500/3VW9IAPwlsp5O47Ile5GzLGDcqp.jpg,N/A
Fale Comigo,https://image.tmdb.org/t/p/w500/tqLkt6vDcIKyMi8asbSxlnEwYiT.jpg,"Quando um grupo de amigos descobre como conjurar espíritos usando uma antiga mão embalsamada, eles ficam viciados na nova emoção. Até que um deles vai longe demais e abre a porta para o mundo espiritual."
A Substância,https://image.tmdb.org/t/p/w500/vWeOgzlhnP1sS23H3rzctGHB9Nb.jpg,"Uma estrela em declínio descobre uma substância misteriosa que lhe permite criar uma versão mais jovem e perfeita de si mesma. No entanto, o que parece ser uma solução milagrosa para recuperar sua glória logo se transforma em um pesadelo perturbador quando as consequências desta decisão começam a se manifestar de formas sombrias e irreversíveis."
A Casa Que Jack Construiu,https://image.tmdb.org/t/p/w500/oKG4YJJCoXJSZ89J52CNJwmVKS0.jpg,"Um dia, durante um encontro fortuito na estrada, o arquiteto Jack mata uma mulher. Este evento provoca um prazer inesperado no personagem, que passa a assassinar dezenas de pessoas ao longo de doze anos. Devido ao descaso das autoridades e à indiferença dos habitantes locais, o criminoso não encontra dificuldade em planejar seus crimes, executá-los ao olhar de todos e guardar os cadáveres num grande frigorífico. Tempos mais tarde, ele compartilha os seus casos mais marcantes com o sábio Virgílio numa jornada rumo ao inferno."
Coração Satânico,https://image.tmdb.org/t/p/w500/x29lRNO7o6Vhf4SFxL3JqFoMujH.jpg,"Nova York, 1955. Harry Angel, um detetive particular, é contratado por Louis Cyphre, um misterioso cliente para encontrar um cantor. Entretanto, quanto mais ele se aprofunda na investigação, mais distante fica da verdade. Envolve-se com figuras estranhas, que morrem violentamente e penetra em um mundo místico, que não entende."
O Teste Decisivo,https://image.tmdb.org/t/p/w500/6yxCWdPGog6CGNI3CYBQ7ub7y6V.jpg,"Sete anos após a morte de sua esposa, Aoyama, um executivo de uma grande empresa, é convidado para fazer parte da banca de avaliação na audição para selecionar uma atriz. Folheando os currículos com antecedência, sua atenção é capturada por Yamazaki Asami, uma jovem mulher impressionante e com formação de ballet. O intuito real de Aoyama é escolher uma nova esposa, o que ele não sabe são as verdadeiras intenções sanguinárias de Yamazaki."
As the Gods Will,https://image.tmdb.org/t/p/w500/m6ulKKB6zJr1vwZIrSFs5axWUvL.jpg,"O estudante do ensino médio Shun Takahata está entediado. Entediado com a monotonia do dia-a-dia da escola e da vida, ele reza por mudanças, por algo emocionante. De repente, ele e seus colegas são forçados a jogar jogos infantis mortais e enfrentar criaturas aterrorizantes, desde uma boneca Daruma falante até um gato sortudo de garras afiadas."
Constantine,https://image.tmdb.org/t/p/w500/dd4uzgUAbBIiRW7dcY0AcgSWohJ.jpg,"John Constantine (Keanu Reeves) é um experiente ocultista e exorcista, que literalmente chegou ao inferno. Juntamente com Angela Dodson (Rachel Weisz), uma policial cética, ele investiga o misterioso assassinato da irmã gêmea dela, Isabel. As investigações levam a dupla a um mundo sombrio, em que precisam lidar com demônios e anjos malvados."
Drácula - Uma História de Amor Eterno,https://image.tmdb.org/t/p/w500/eypGGvlpSiEpbeGkczyJCKboS4F.jpg,"No século XV, o príncipe Vlad II perde o seu amor, a princesa Elisabeta. Tomado pela dor, rejeita a Deus e herda uma maldição eterna: vira o Conde Drácula, um vampiro condenado a vagar pelos séculos na esperança de reencontrar a amada."
O Cão dos Baskervilles,https://image.tmdb.org/t/p/w500/61XD1LxA3kXLRrBXat3jN84MtPR.jpg,"Uma lendária maldição envolvendo um cão sobrenatural assola a família Baskerville há gerações, e Sherlock Holmes é chamado para resolver o mistério."
Gêmeos: Mórbida Semelhança,https://image.tmdb.org/t/p/w500/kAnHux1OKvKxVKAG58xvJYiLOr.jpg,"Os gêmeos idênticos Beverly e Elliot, brilhantes ginecologistas canadenses, pesquisam a fertilidade feminina em sua clínica particular. A atriz Claire Nivean, que não tem filhos, procura auxílio na famosa Clínica Mantle. Diagnosticada por Beverly como possuidora de um útero tricervical, Claire deve perder a esperança de engravidar. O arrogante Elliot fica fascinado pelo masoquismo da atriz e dorme com ela. Como é costume deles compartilharem as pacientes, encoraja o irmão a tomar seu lugar. Os dois passam a se revezar nas visitas a Claire, mas o tímido Beverly se apaixona pela atriz e, influenciado por ela, começa a usar drogas."
Pânico 7,https://image.tmdb.org/t/p/w500/rEevavl5vebCVEd5imx7D1k8nmV.jpg,"Quando um novo Ghostface surge na pacata cidade onde Sidney Prescott reconstruiu sua vida, seus medos mais sombrios se tornam reais enquanto sua filha se torna o próximo alvo do assassino. Determinada a proteger sua família, Sidney terá que enfrentar os horrores do seu passado para acabar com o massacre de uma vez por todas."
Socorro!,https://image.tmdb.org/t/p/w500/furPD78BZsKAWZoGvoqArIJYPy2.jpg,"Após um acidente aéreo, um chefe e uma funcionária que se odeiam são os únicos sobreviventes. Isolados numa ilha deserta, eles precisam decidir se cooperam ou competem para escapar, mas é difícil deixar para trás os conflitos do escritório."
O Som da Morte,https://image.tmdb.org/t/p/w500/1tX11KQzujSDXdszFNRvQbbNi72.jpg,"Um grupo de estudantes disfuncionais se depara com um Apito da Morte asteca amaldiçoado. Logo, eles descobrem que usar o objeto produz um som aterrorizante capaz de prever suas futuras mortes."
Terror em Silent Hill: Regresso Para o Inferno,https://image.tmdb.org/t/p/w500/eVuYY1BjtiWkuQ8zAzVQ73ju3T0.jpg,"Quando uma carta misteriosa chama James de volta a Silent Hill em busca de seu verdadeiro amor, ele encontra uma cidade antes reconhecível, transformada por um mal desconhecido. À medida que James se aprofunda na escuridão, ele encontra figuras aterrorizantes, tanto familiares quanto novas, e começa a questionar sua própria sanidade enquanto luta para entender a realidade e se manter firme por tempo suficiente para salvar seu amor perdido."
Anaconda,https://image.tmdb.org/t/p/w500/hRzpf8QELtzJnMt4SiDoFUmZ9KM.jpg,"Uma crise de meia-idade inspira Doug e Griff a irem até a floresta amazônica para refazer o filme favorito da juventude, mas tudo muda quando uma anaconda gigante de verdade aparece, transformando o cenário comicamente caótico em uma situação mortal. O filme que eles estão morrendo de vontade de fazer? Pode acabar matando-os."
Extermínio: O Templo dos Ossos,https://image.tmdb.org/t/p/w500/tbECC1mMbytgaynCnBhgVPzCZcd.jpg,Dr. Kelson se vê envolvido num novo relacionamento chocante – com consequências que podem mudar o mundo como eles o conhecem – e o encontro de Spike com Jimmy Crystal se torna um pesadelo do qual ele não consegue escapar.
Pecadores,https://image.tmdb.org/t/p/w500/v0Ljeti537c6cNKweuEN0iaU3x4.jpg,"Dispostos a deixar suas vidas conturbadas para trás, irmãos gêmeos retornam à sua cidade natal para recomeçar suas vidas do zero, quando descobrem que um mal ainda maior está à espera deles para recebê-los de volta."
Drácula - Uma História de Amor Eterno,https://image.tmdb.org/t/p/w500/eypGGvlpSiEpbeGkczyJCKboS4F.jpg,"No século XV, o príncipe Vlad II perde o seu amor, a princesa Elisabeta. Tomado pela dor, rejeita a Deus e herda uma maldição eterna: vira o Conde Drácula, um vampiro condenado a vagar pelos séculos na esperança de reencontrar a amada."
Osíris,https://image.tmdb.org/t/p/w500/zV73BurKh944kFpjna1QTF43gPl.jpg,"Comandos das Forças Especiais são sequestrados em plena operação por uma nave espacial misteriosa e, ao despertar, eles se veem vítimas de uma raça alienígena implacável em uma luta pela sobrevivência."
Five Nights at Freddy's 2,https://image.tmdb.org/t/p/w500/12H82Xrr2ijDF0lJWUarqGFV7bC.jpg,"Um ano após o pesadelo sobrenatural na Freddy Fazbear's Pizza, as histórias sobre o que aconteceu ali foram distorcidas, transformando-se em uma lenda local exagerada, inspirando o primeiro Fazfest da cidade. Sem saber a verdade sobre o ocorrido, Abby sai escondida para se reconectar com Freddy, Bonnie, Chica e Foxy, dando início a uma aterrorizante série de eventos que revelarão segredos sombrios sobre a verdadeira origem da Freddy's e libertarão um horror há muito esquecido, escondido por décadas."
Frankenstein,https://image.tmdb.org/t/p/w500/rB0tZwNImTT8febX5qVycZ5YVeF.jpg,"Dr. Victor Frankenstein, um cientista brilhante, mas egoísta, dá vida a uma criatura em um experimento monstruoso que acaba levando à ruína tanto do criador quanto de sua trágica criação."
Casamento Sangrento,https://image.tmdb.org/t/p/w500/vWMXRFvpxxs5p0IKZdqWph10jIn.jpg,"Grace acaba de se casar com o herdeiro milionário de uma família especializada em jogos de tabuleiro. Antes de realmente integrar a família, no entanto, ela é obrigada a participar de uma tradição familiar: um jogo de esconde-esconde pela mansão dos Le Domas. Aos poucos, Grace percebe que a brincadeira inocente é na verdade uma caçada sangrenta contra a recém-casada, em que todas as armas e golpes são permitidos para assassiná-la. A jovem terá a difícil missão de sobreviver aos ataques até o amanhecer."
Alerta Apocalipse,https://image.tmdb.org/t/p/w500/3Ap6J9pYqgrxQaYWYdX2fyBYBWF.jpg,"Quando um fungo altamente perigoso escapa de um laboratório secreto, Robert Quinn, um ex-agente de bioterrorismo que só queria curtir a aposentadoria em paz, é chamado de volta à ação. Ao lado de Travis e Naomi, dois jovens funcionários que definitivamente não ganham o suficiente para isso, ele precisa enfrentar uma ameaça invisível e fora de controle. Em uma corrida contra o tempo, o trio descobre que salvar o mundo dá muito mais trabalho do que parece."
As Ruínas,https://image.tmdb.org/t/p/w500/4dspmmI4uEnDycLPkuZZEVDczfC.jpg,"Curtindo as férias no México, um grupo de amigos vai enfrentar o maior pesadelo quando um turista os convence a penetrar num floresta e participar de uma escavação arqueológica. Eles só não esperavam que algo demoníaco vive sob as ruínas."
O Primata,https://image.tmdb.org/t/p/w500/fJd3J9FwWTAI1EZsvaTHfZKKTPy.jpg,"A universitária Lucy vai passar férias em casa com a família e aproveita a ausência do pai para organizar uma festa na piscina. Durante o evento, seu chimpanzé de estimação surge irreconhecível e agressivo, contaminado com raiva, forçando o grupo a buscar algum jeito de escapar da fúria do animal."
Pânico,https://image.tmdb.org/t/p/w500/cJj2gYzkPFSqYGGOhfLgeANlXkB.jpg,"Após uma série de mortes misteriosas, um grupo de amigos são ameaçados por um assassino. Em uma mistura de emoções fortes e muitos sustos, aqui a única coisa que se pode ter certeza é que todos são vítimas e todos são suspeitos."
A Hora do Mal,https://image.tmdb.org/t/p/w500/psEJSjQr6I9GSJTdW28CKC4Kffs.jpg,"Quando todas as crianças de uma mesma classe, exceto uma, somem misteriosamente, na mesma noite e exatamente ao mesmo tempo, todos da cidade começam a se questionar quem ou o que está por trás deste estranho desaparecimento."
Invocação do Mal 4: O Último Ritual,https://image.tmdb.org/t/p/w500/40nHGUfypLhlr7gJx8At1IbYkaK.jpg,"O casal de investigadores Ed e Lorraine Warren assume um novo caso de horror sobrenatural que os força a um confronto derradeiro. Para vencer esta batalha final contra as forças malignas, eles são obrigados a encarar seus medos mais profundos, colocando suas vidas em extremo risco."
Van Helsing: O Caçador de Monstros,https://image.tmdb.org/t/p/w500/s8fhGCLWbFDbBAOitRzVlMPk5pd.jpg,O famoso caçador de monstros Van Helsing é enviado à Transilvânia para ajudar os últimos da linhagem Valerious a derrotar o Conde Drácula. Anna Valerious revela que Drácula formou uma aliança profana com o monstro do Dr. Frankenstein e está determinado a lançar uma maldição secular sobre sua família.
Premonição 6: Laços de Sangue,https://image.tmdb.org/t/p/w500/x3J781PsdMrjenzQKM5eJXqK5Nd.jpg,"Atormentada por um pesadelo violento recorrente, a estudante universitária Stefanie volta para casa para encontrar a única pessoa que pode quebrar o ciclo e salvar sua família do destino horrível que inevitavelmente os aguarda."
Exit 8,https://image.tmdb.org/t/p/w500/q8KT3suQah3FrO0yYrUYrcYkzBs.jpg,"Um homem preso em uma passagem infinita de metrô parte em busca da Saída 8. As regras de sua jornada são simples: não ignore nada fora do comum; se descobrir alguma anomalia, volte imediatamente; caso contrário, continue; em seguida, saia pela Saída 8. Mas, mesmo um único descuido o enviará de volta ao início. Será que ele alcançará seu objetivo e escapará deste corredor infinito?"
Alien: O Oitavo Passageiro,https://image.tmdb.org/t/p/w500/rJEU0u6hvtqBy344z0bpI194LeQ.jpg,"Quando a tripulação da sonda espacial Nostromo responde a um pedido de socorro vindo de um planeta inóspito, eles descobrem uma forma de vida mortal que se reproduz dentro de humanos. Agora, a tripulação deve lutar para permanecer viva e impedir que a criatura chegue até a Terra."
Pânico,https://image.tmdb.org/t/p/w500/lvskZGlyH9LuGKO8OdBWQWTGlGx.jpg,"Vinte e cinco anos após uma série de crimes brutais chocar a tranquila Woodsboro, um novo assassino se apropria da máscara de Ghostface e começa a perseguir um grupo de adolescentes para trazer à tona segredos do passado mortal da cidade."
Invocação do Mal,https://image.tmdb.org/t/p/w500/1NxHKZW5DPbUFtbF3MxbdSyxRqU.jpg,"Harrisville, Rhode Island, Estados Unidos, 1968. Os investigadores paranormais Ed e Lorraine Warren trabalham para ajudar uma família aterrorizada por uma presença sombria em sua fazenda. Forçados a confrontar uma entidade poderosa, os Warrens se vêem presos no caso mais aterrorizante de suas vidas. Baseado numa história real."
A Substância,https://image.tmdb.org/t/p/w500/vWeOgzlhnP1sS23H3rzctGHB9Nb.jpg,"Uma estrela em declínio descobre uma substância misteriosa que lhe permite criar uma versão mais jovem e perfeita de si mesma. No entanto, o que parece ser uma solução milagrosa para recuperar sua glória logo se transforma em um pesadelo perturbador quando as consequências desta decisão começam a se manifestar de formas sombrias e irreversíveis."
Invasão Zumbi,https://image.tmdb.org/t/p/w500/QqHtwk0oHYed26zra9WGQGyBSm.jpg,"A Coreia do Sul decreta estado de emergência após um vírus desconhecido tomar conta do país. Algumas pessoas tentam fugir de zumbis e ficam presas em um trem-bala que está a caminho de Busan, a única cidade que não foi afetada pelo vírus."
O Telefone Preto 2,https://image.tmdb.org/t/p/w500/p3epSUdF9qSWWHTBlA3mJ0w2i2Y.jpg,"Quatro anos após escapar de The Grabber, Finney Blake luta com sua vida após o cativeiro. Quando sua irmã Gwen começa a receber ligações em sonhos do telefone preto e a ter visões perturbadoras de três garotos sendo perseguidos em um acampamento de inverno conhecido como Alpine Lake, os irmãos se determinam a desvendar o mistério e confrontar um assassino que se tornou mais poderoso na morte e mais significativo para eles do que qualquer um poderia imaginar."
Pânico VI,https://image.tmdb.org/t/p/w500/vSCqFktU5FzjtkW5XRlp8JndRdV.jpg,"Sam, Tara, Chad e Mindy, os quatro sobreviventes do massacre realizado pelo Ghostface, decidem deixar Woodsboro para trás em busca de um novo começo em uma cidade diferente. Mas não demora muito para eles se tornarem alvo de um novo serial killer mascarado."
A Serbian Film - Terror sem Limites,https://image.tmdb.org/t/p/w500/r7MR0GmKe4pE0OX43LXMztNz8Z8.jpg,"Milos (Srdjan Todorovic), um ator pornô aposentado, é convidado a participar de um filme erótico de arte. Como enfrenta problemas financeiros ele aceita a oferta, sem imaginar que está entrando num ""snuff movie"" da sua própria vida."
A Meia-Irmã Feia,https://image.tmdb.org/t/p/w500/2dEoQ2eWk3evQQBNUxPnZsPDq1N.jpg,"Elvira, meia-irmã de Cinderela, vive com a família em um poderoso reino onde poucas coisas são tão importantes quanto a beleza. Ela recorre a medidas extremas para cativar o príncipe, em meio a uma competição implacável pela perfeição física."
A Noiva!,https://image.tmdb.org/t/p/w500/vcdnSEcm0f0shJohkJnrOBcCq1m.jpg,"Na década de 1930, Frankenstein viaja a Chicago em busca do Dr. Euphronius para ajudá-lo a criar uma companheira. Juntos, eles revivem uma jovem assassinada, dando origem à Noiva, uma criação que supera todas as expectativas. Porém, sua existência desencadeia um romance explosivo, atrai a atenção da polícia e dá início a um movimento social intenso e radical."
Alien: Romulus,https://image.tmdb.org/t/p/w500/jB0W9tn4w07MFn7sTfqRTBLVytF.jpg,"Enquanto vasculham as profundezas de uma estação espacial abandonada, um grupo de jovens colonizadores espaciais se depara com a forma de vida mais aterrorizante do universo."
Como Sobreviver a um Ataque Zumbi,https://image.tmdb.org/t/p/w500/wT88c7CdVYaNTMtDVLw0xrHumfu.jpg,"Ben, Carter e Augie são amigos desde que se conheceram no grupo de escoteiros. Enquanto os dois primeiros tentam realizar outras atividades, o último faz questão de convencê-los a acampar mais uma vez. Ben e Carter topam, mas fogem no meio da noite para ir a uma badalada festa secreta na cidade. Chegando ao local, descobrem que tudo foi dominado por zumbis e agora eles têm a missão de sobreviver a esse ataque."
Tubarão,https://image.tmdb.org/t/p/w500/iD2XVowFgHngYGamCAdq2T44gMr.jpg,"Um terrível ataque a banhistas é o sinal de que a praia da pequena cidade de Amity virou refeitório de um gigantesco tubarão branco, que começa a se alimentar dos turistas. Embora o prefeito queira esconder os fatos da mídia, o xerife local pede ajuda a um ictiologista e a um pescador veterano para caçar o animal. Mas a missão vai ser mais complicada do que eles imaginavam."
Psicose,https://image.tmdb.org/t/p/w500/oC2iYT2on8c2iZnehah1l6AWqGu.jpg,"Marion Crane é uma secretária que rouba 40 mil dólares da imobiliária onde trabalha para se casar e começar uma nova vida. Durante a fuga à carro, ela enfrenta uma forte tempestade, erra o caminho e chega em um velho hotel. O estabelecimento é administrado por um sujeito atencioso chamado Norman Bates, que nutre um forte respeito e temor por sua mãe. Marion decide passar a noite no local, sem saber o perigo que a cerca."
Extermínio: A Evolução,https://image.tmdb.org/t/p/w500/2K5LCXOqlbzRu7mWHbDnLdDQj6I.jpg,"Já se passaram quase três décadas desde que o vírus da raiva escapou de um laboratório de armas biológicas. Agora, sob uma quarentena rigidamente imposta, alguns conseguiram encontrar maneiras de sobreviver em meio aos infectados. Um desses grupos vive em uma pequena ilha, ligada ao continente por uma única passagem fortemente protegida. Quando um dos membros parte em uma missão rumo ao sombrio coração do continente, ele descobre segredos, maravilhas e horrores que transformaram não apenas os infectados, mas também outros sobreviventes."
A Longa Marcha: Caminhe ou Morra,https://image.tmdb.org/t/p/w500/qE0XKOHZvXtiM4aBLlTPUVZiIc5.jpg,"Um grupo de adolescentes compete em uma competição anual conhecida como ""A Longa Marcha"", onde eles devem manter uma certa velocidade de caminhada ou levar um tiro."
Um Lugar Silencioso,https://image.tmdb.org/t/p/w500/eUmlIbsCQKQ7G5VxDn8A6PVElY7.jpg,"Em uma fazenda dos Estados Unidos, uma família do meio-oeste é perseguida por uma entidade fantasmagórica assustadora. Para se protegerem, eles devem permanecer em silêncio absoluto, a qualquer custo, pois o perigo é ativado pela percepção do som."
Pânico 2,https://image.tmdb.org/t/p/w500/8Oxm5IS9CsXulLXPUk0ddU6nRjk.jpg,"Dois anos após o massacre em Woodsboro, Sidney Prescott e Randy Meeks estão tentando refazer suas vidas em uma nova cidade. Estudando no colégio de Windsor, eles vão lidar com uma nova onda de assassinatos quando o terrível psicopata retorna para assombrá-los nas vésperas do lançamento do filme baseado nos seus crimes."
Guerra Primitiva,https://image.tmdb.org/t/p/w500/5flDJFGO830VBd1luJq1fmm1lfT.jpg,"Durante a Guerra do Vietnã, uma unidade de reconhecimento se aventura em um vale isolado na selva para descobrir o destino de um pelotão desaparecido. Logo eles se veem em uma luta por suas vidas contra um inimigo inesperado: dinossauros pré-históricos."
It: A Coisa,https://image.tmdb.org/t/p/w500/uYxz0lIiNgErrPhQbSjUdwYxtFc.jpg,"Na cidade de Derry, no Maine, sete jovens se juntam para combater uma criatura sobrenatural que está assombrando a sua cidade por séculos. Chamado de Pennywise – O Palhaço Dançarino, a Coisa é um monstro de força absoluta que toma a forma dos medos mais horrorosos das pessoas. Ameaçados por seus piores pesadelos, a única maneira dos jovens amigos sobreviverem à Coisa é se continuarem juntos."
Corra!,https://image.tmdb.org/t/p/w500/A0RoSZh8PEYJgDMgM2EV7Ycz3dR.jpg,"Agora que Chris e sua namorada, Rose, chegaram à fase de conhecer os pais no namoro, ela o convida para um fim de semana no interior com Missy e Dean. A princípio, Chris acha que o comportamento excessivamente agradável dos dois como tentativas nervosas de lidar com o relacionamento inter-racial da filha, mas, conforme o fim de semana avança, uma série de descobertas cada vez mais perturbadoras o levam a uma verdade que ele jamais poderia ter imaginado."
O Iluminado,https://image.tmdb.org/t/p/w500/47BdQqDWnj3VIzpH9bd2agho2PN.jpg,"Durante o inverno, um homem é contratado para ficar como vigia em um hotel no Colorado e vai para lá com a esposa e seu filho. Porém, o contínuo isolamento começa a lhe causar problemas mentais sérios e ele vai se tornado cada vez mais agressivo e perigoso, ao mesmo tempo que seu filho passa a ter visões de acontecimentos ocorridos no passado, que também foram causados pelo isolamento excessivo."
Guerra Mundial Z,https://image.tmdb.org/t/p/w500/2Sdz5gGrwN92pRanlJKeUqkIjRk.jpg,"Um vírus letal se espalha rapidamente e transforma seres humanos em zumbis. O ex-agente da ONU Gerry Lane é chamado para investigar a epidemia que está acabando com a humanidade, iniciando uma verdadeira corrida contra o tempo."
O Monstro do Meu Quarto,https://image.tmdb.org/t/p/w500/cvdCMFP0pNYXtWXVuRD5Hqp6vuT.jpg,"Aurora, uma menina de 10 anos, tem um vizinho misterioso que mata monstros da vida real. Ele é um assassino de aluguel. Então, quando Aurora precisa de ajuda para matar o monstro que ela acredita ter devorado toda a sua família, ela contrata os serviços dele. Suspeitando que seus pais possam ter sido vítimas de assassinos que o perseguiam, o vizinho de Aurora aceita o trabalho, sentindo-se culpado. Agora, para protegê-la, ele precisará lutar contra uma horda de assassinos — e aceitar que alguns monstros são reais."
Acompanhante Perfeita,https://image.tmdb.org/t/p/w500/7LbrEQvturE05hljvTCWST7rLQL.jpg,"Josh e Iris parecem ser o casal ideal, até que um incidente mortal em uma viagem com amigos revela um segredo sombrio: Iris é uma androide criada para satisfazer Josh. E o que era para ser perfeito logo se torna incontrolável."
Pânico 4,https://image.tmdb.org/t/p/w500/qqqE8jR2bzZldtW5lJwKhHMxkx0.jpg,"Faz muitos anos que o assassino Ghostface deixou um rastro mortal pela cidade de Woodsboro. A fim de superar o trauma desses terríveis acontecimentos, Sidney Prescott escreveu um livro de auto-ajuda. Ela retorna à Woodsboro para lançar seu livro e reencontra os velhos amigos Gale Weathers e o Xerife Dewey. No entanto, a chegada de Sidney também provoca o retorno de Ghostface, colocando Sidney e todos que ama em perigo."
Exhuma,https://image.tmdb.org/t/p/w500/tw0i3kkmOTjDjGFZTLHKhoeXVvA.jpg,"Depois de sofrer uma série de eventos paranormais, uma família rica que vive em Los Angeles convoca uma jovem dupla de xamãs em ascensão, Hwa Rim e Bong Gil, para salvar o recém-nascido da família. Assim que eles chegam, Hwa Rim sente que uma sombra escura de seu ancestral se apoderou da família em um chamado 'Chamado Grave'. Para exumar o túmulo e socorrer o ancestral, Hwa Rim busca a ajuda do geomante de primeira linha Sang Deok e do agente funerário Yeong Geun. Para sua consternação, os quatro encontram o túmulo em um local sombrio em uma vila remota na Coreia. Sem saber das consequências, a exumação é realizada, desencadeando uma força malévola enterrada por baixo."
Os Fantasmas Ainda se Divertem: Beetlejuice Beetlejuice,https://image.tmdb.org/t/p/w500/v33dHteDj03HLtAgUb9CFgA2to1.jpg,"Depois de uma tragédia familiar inesperada, três gerações da família Deetz voltam para casa em Winter River. Ainda assombrada por Beetlejuice, a vida de Lydia vira de cabeça para baixo quando sua filha adolescente rebelde, Astrid, descobre a misteriosa maquete da cidade no sótão, e o portal para a vida após a morte é acidentalmente aberto. Com problemas em ambos os reinos, é apenas uma questão de tempo até que alguém diga o nome de Beetlejuice três vezes, e o demônio travesso volte para levar ao mundo seu próprio estilo de caos."
O Exorcista,https://image.tmdb.org/t/p/w500/bYTMDg3eGFuO7emXbQip02a8zvQ.jpg,"Em Georgetown, Washington, uma atriz vai gradativamente tomando consciência que a sua filha de doze anos está tendo um comportamento completamente assustador. Deste modo, ela pede ajuda a um padre, que também um psiquiatra, e este chega a conclusão de que a garota está possuída pelo demônio. Ele solicita então a ajuda de um segundo sacerdote, especialista em exorcismo, para tentar livrar a menina desta terrível possessão."
Constantine,https://image.tmdb.org/t/p/w500/dd4uzgUAbBIiRW7dcY0AcgSWohJ.jpg,"John Constantine (Keanu Reeves) é um experiente ocultista e exorcista, que literalmente chegou ao inferno. Juntamente com Angela Dodson (Rachel Weisz), uma policial cética, ele investiga o misterioso assassinato da irmã gêmea dela, Isabel. As investigações levam a dupla a um mundo sombrio, em que precisam lidar com demônios e anjos malvados."
A Noite das Brincadeiras Mortais,https://image.tmdb.org/t/p/w500/gw4H1ZRBkPUaCzj3Bk2gBXbrpZ4.jpg,"Um grupo de estudantes vai passar o fim de semana do Dia da Mentira na casa de uma colega em uma ilha remota. Aos poucos, as pessoas vão morrendo uma a uma em circunstâncias cada vez mais estranhas."
Jogos Mortais,https://image.tmdb.org/t/p/w500/lwTKflT7UbQCTyImbuq6eamUKwb.jpg,"Dois homens acordam acorrentados em um banheiro como prisioneiros de um assassino em série que leva suas vítimas a situações limítrofes em um jogo macabro. Para sobreviver, eles terão de desvendar juntos as peças desse quebra-cabeças doentio."
Extermínio,https://image.tmdb.org/t/p/w500/pVTtJSvJoOofD1YoyPSGwWEWmJd.jpg,"Um poderoso vírus está a solta. Transmitido em uma gota de sangue e com efeito devastador em alguns segundos, o vírus mantém os infectados em um estado permanente de descontrole assassino. Dentro de 28 dias, o país está tomado e um punhado de sobreviventes inicia esforços para garantir algum futuro à raça humana, mas o que não percebem é que o vírus mortal não é a única coisa que os ameaça."
Hereditário,https://image.tmdb.org/t/p/w500/wonYMeHauhrxSi5UTOtj5L479mS.jpg,"Após a morte da reclusa avó, a família Graham começa a desvendar algumas coisas. Mesmo após a partida da matriarca, ela permanece como se fosse uma sombra sobre a família, especialmente sobre a solitária neta adolescente, Charlie, por quem ela sempre manteve uma fascinação não usual. Com um crescente terror tomando conta da casa, a família explora lugares mais escuros para escapar do infeliz destino que herdaram."
Alice: Subservience,https://image.tmdb.org/t/p/w500/6EO0cjZt2vzAOmuDJZGED6GQmi4.jpg,"Um pai de família compra uma robô com inteligência artificial para auxiliar nos afazeres domésticos. No entanto, todos seus planos mudam quando a ferramenta acaba adquirindo consciência, com consequências devastadoras."
Fragmentado,https://image.tmdb.org/t/p/w500/ztYvYWpSpFtzM2w5MwsmNzzQbJg.jpg,"Embora Kevin tenha revelado 23 personalidades a seu psiquiatra, uma ainda permanece submersa, pronta para se materializar e dominar todas as outras. Quando sua compulsão o força a raptar três adolescentes, Kevin vive uma guerra para sobreviver dentre os que habitam dentro dele, além dos outros  em tono dele, à medida que as divisões que separam seus compartimentos começam a se despedaçar."
Corrente do Mal,https://image.tmdb.org/t/p/w500/rGH9NafHyg3Of2cMY5oOVb7p4HA.jpg,"A jovem Jay leva uma vida tranquila entre escola, paqueras e passeios no lago. Após uma transa, o garoto com quem passou a noite explica que ele carregava no corpo uma força maligna, transmissível às pessoas apenas pelo sexo. Enquanto vive o dilema de carregar a sina ou passá-la adiante, a jovem começa a ser perseguida por figuras estranhas que tentam matá-la e não são vistas por mais ninguém."
Invocação do Mal 2,https://image.tmdb.org/t/p/w500/dOPVzDQdRQtSan36LpLwWcfzCgu.jpg,"Lorraine e Ed Warren ajudam uma mãe solteira a criar seus quatro filhos numa casa assombrada por espíritos malignos. Conhecido como a Amityville da Inglaterra, o Poltergeist de Enfield foi o caso mais documentado na história da paranormalidade. Descubra a verdade por trás do evento que chocou o mundo."
Cisne Negro,https://image.tmdb.org/t/p/w500/tqlmLBt2i5SHNpXEj2nqk10Crwa.jpg,"Nina é uma bailarina cuja obsessão pela dança supera todas as facetas de sua vida. Quando o diretor artístico da companhia decide substituir sua prima ballerina para a produção de estreia de ""O Lago dos Cisnes"", Nina é sua primeira escolha. Sua concorrente é a novata Lily. Embora Nina seja perfeita para o papel do Cisne Branco, Lily personifica o Cisne Negro. A rivalidade entre as duas bailarinas se transforma em uma amizade distorcida e o lado obscuro de Nina começa a vir à tona."
Midsommar: O Mal Não Espera a Noite,https://image.tmdb.org/t/p/w500/hR4dXPlWq5Nekwjqbp3gFGeiiZS.jpg,"Dani e Christian formam um jovem casal americano com um relacionamento prestes a desmoronar. Mas depois que uma tragédia familiar os mantém juntos, Dani, que está de luto, convida-se para se juntar a Christian e seus amigos em uma viagem para um festival de verão único em uma remota vila sueca. O que começa como férias despreocupadas de verão em uma terra de luz eterna toma um rumo sinistro quando os moradores do vilarejo convidam o grupo a participar de festividades que tornam o paraíso pastoral cada vez mais preocupante e visceralmente perturbador."
Halloween - A Noite do Terror,https://image.tmdb.org/t/p/w500/ozkOzFITxLmp5nkjvuawQaRHNF3.jpg,"Na noite de Halloween de 1963, Michael Myers, de seis anos, assassina brutalmente sua irmã. Preso em uma instituição para doentes mentais sob os cuidados do dr. Sam Loomis, Michael cresce apenas para odiar. Em outubro de 1978, ele foge do hospital, seguido pelo dr. Loomis, que sabe que Michael vai matar novamente. O psicopata passa a perseguir a adolescente Laurie Strode e seus amigos, e prepara seu ataque mortal para a noite de Halloween."
O Enigma de Outro Mundo,https://image.tmdb.org/t/p/w500/bazlgJAKWCBF7OllC3JtyJ2DV1n.jpg,"Na remota Antártida, um grupo de cientistas americanos é perturbado em sua base quando, de um helicóptero, alguém atira em um cão do acampamento. À medida que socorrem o cão baleado, o bicho começa a atacar os cientistas e os outros cachorros e logo eles descobrem que o animal pode assumir a forma de suas vítimas. Isto significa que membros da equipe podem ser mortos e a cópia assumir o lugar deles. Com isso, um piloto e um médico precisam capturar a fera antes que seja tarde demais."
A Hora do Pesadelo,https://image.tmdb.org/t/p/w500/8cXxfVhSdTL1tC5ivC0mX74QQyI.jpg,"Um grupo de adolescentes tem pesadelos horríveis, onde são atacados por um homem deformado com garras de aço. Ele apenas aparece durante o sono e, para escapar, é preciso acordar. Os crimes vão ocorrendo seguidamente, até que se descobre que o ser misterioso é na verdade Freddy Krueger, um homem que molestou crianças na rua Elm e que foi queimado vivo pela vizinhança. Agora Krueger pode retornar para se vingar daqueles que o mataram, através do sono."
Terrifier 3,https://image.tmdb.org/t/p/w500/3HeKb5H89HjzWTkVkAqomu9mek.jpg,O palhaço assassino Art está pronto para espalhar o caos sobre os moradores inocentes do Condado de Miles durante uma pacífica véspera de Natal.
Alien: Covenant,https://image.tmdb.org/t/p/w500/wm8L1D3YMT0auLQiPXY3H1CUDg8.jpg,"Viajando pela galáxia, os tripulantes da nave colonizadora Covenant encontram um planeta remoto com ares de paraíso inexplorado. Encantados, eles acreditam na sorte e ignoram a realidade do local: uma terra sombria que guarda terríveis segredos e tem o sobrevivente David como habitante solitário."
Nosferatu,https://image.tmdb.org/t/p/w500/fbkUfzmVzEBFSt6p7VigknREIJT.jpg,"Um conto gótico de obsessão entre uma jovem assombrada na Alemanha do século XIX e o antigo vampiro da Transilvânia que a persegue, trazendo consigo um horror incalculável."
Sorria,https://image.tmdb.org/t/p/w500/3LfJ1kQZv6OX687rJMOAMzFJlc9.jpg,"Após testemunhar um acidente traumático e bizarro envolvendo um paciente, a Dra. Rose Cotter começa a vivenciar eventos assustadores que ela não consegue explicar."
Godzilla Minus One,https://image.tmdb.org/t/p/w500/9XSOyim1pivuSHQqlrDj5gj2J5w.jpg,"Em um Japão social e economicamente devastado após o término da Segunda Guerra Mundial, a situação chega a um nível ainda mais crítico quando uma gigantesca e misteriosa criatura surge do mar para assolar o país."
O Menu,https://image.tmdb.org/t/p/w500/rxNelQvAjOmNGUUHRujmsHiPEIh.jpg,"Um casal viaja para uma ilha costeira para comer em um restaurante exclusivo onde o chef preparou um cardápio farto, com algumas surpresas chocantes."
Bom Menino,https://image.tmdb.org/t/p/w500/6qQBPlWj5PEFPsVObUIy9SMZ9P.jpg,"Um cão fiel se muda com Todd, seu tutor, para uma casa de campo. Lá, ele descobre forças sobrenaturais escondidas nas sombras. Quando as entidades sombrias ameaçam seu dono, o corajoso cão deve lutar para protegê-lo."
Megatubarão,https://image.tmdb.org/t/p/w500/wrJkShDPK4TcV0nHix3HASEmkul.jpg,"Na fossa mais profunda do Oceano Pacífico, a tripulação de um submarino fica presa dentro do local após ser atacada por uma criatura pré-histórica que se achava estar extinta, um tubarão de mais de 20 metros de comprimento, o Megalodon. Para salvá-los, um oceanógrafo chinês contrata Jonas Taylor, um mergulhador especializado em resgates em água profundas que já encontrou com a criatura anteriormente."
Five Nights at Freddy's - O Pesadelo Sem Fim,https://image.tmdb.org/t/p/w500/1yUbmAiw2cUSpyXNIaiST7JzCtG.jpg,"Enquanto passa sua primeira noite no trabalho, um problemático guarda de segurança da Pizzaria Freddy Fazbear logo percebe que não será uma tarefa fácil sobreviver ao seu primeiro turno."
Sorria 2,https://image.tmdb.org/t/p/w500/ypHiYvSJmHIyRDRiosZuE595uir.jpg,"Prestes a embarcar em uma nova turnê mundial, a sensação pop global Skye Riley (Naomi Scott) começa a vivenciar acontecimentos cada vez mais aterrorizantes e inexplicáveis. Sobrecarregada pelos horrores crescentes e pelas pressões da fama, Skye é forçada a encarar o passado sombrio para retomar o controle de sua vida antes que ela saia do controle."
Advogado do Diabo,https://image.tmdb.org/t/p/w500/u6gFTFI22YAnjoUCUyRveN48S06.jpg,"Kevin Lomax, advogado de uma pequena cidade da Flórida que nunca perdeu um caso, é contratado por John Milton, dono da maior firma de advocacia de Nova York. No início tudo parece correr bem, mas Mary Ann, a esposa do advogado, começa a testemunhar aparições demoníacas. Kevin está empenhado em defender o cliente e cada vez dá menos atenção a sua mulher, enquanto seu misterioso chefe parece sempre saber como contornar cada problema e tudo que perturba o jovem advogado."
Faça Ela Voltar,https://image.tmdb.org/t/p/w500/xfmnUz6C5WRboIMQZD0j3SNDT7v.jpg,"Dois meios-irmãos, Andy e Piper, têm suas vidas viradas de cabeça para baixo após encontrarem o pai morto no banheiro, o que os leva a um lar adotivo. Eles são alocados para a casa de Laura, uma conselheira pedagógica excêntrica que se torna sua nova guardiã, e que também adota um jovem mudo chamado Oliver. Longe da cidade grande, o imóvel onde os irmãos passam a viver esconde segredos sinistros. A descoberta de um ritual aterrorizante nesse local ameaça destruir para sempre o vínculo entre Andy e Piper, transformando a relação fraterna em uma dor profunda."
Prova Final,https://image.tmdb.org/t/p/w500/yujOIactwtepxptAoU11PXeLwcr.jpg,"Repentinamente, em uma escola de uma pequena cidade no Ohio, os professores começam a agir estranhamente. Dois estudantes escondidos em um armário testemunham dois professores matando a enfermeira do colégio, mas logo a vítima aparece viva e eles logo concluem que algum alienígena está se apossando do corpos. Assim, o medo toma conta deles e de seus amigos, pois qualquer um pode ser dominado por este ser que ninguém sabe de onde veio, mas parece ter um objetivo definido: possuir todos os terrestres que surjam na sua frente."
Megatubarão 2,https://image.tmdb.org/t/p/w500/x3uhIodq56mlGBwpDTZ52trGb35.jpg,Um mergulho exploratório nas profundezas do oceano de uma ousada equipe de pesquisa se transforma em caos quando uma operação de mineração malévola ameaça sua missão e os força a uma batalha de alto risco pela sobrevivência.
Armadilha,https://image.tmdb.org/t/p/w500/fskXjlVKppUtAgbfqt4wIsNkCaI.jpg,"Um pai e sua filha adolescente assistem a um badalado show de música pop, quando percebem que estão no epicentro de um evento sombrio e sinistro."
Blade: O Caçador de Vampiros,https://image.tmdb.org/t/p/w500/zyivyoXd6zP09tS1PP7b35sB84h.jpg,"Após ser contaminado pelo sangue de uma criatura das trevas, Blade transformou-se num guerreiro imortal, metade-homem, metade-vampiro. Desde então, ele dedica-se a caçar o líder dos mortos-vivos Deacon Frost e seus asseclas, que estão planejando um grande plano para aumentar sua dominação sobre a raça humana."
Pânico 3,https://image.tmdb.org/t/p/w500/mLBHils4UNaKVwYbYAiIJuv5Fdi.jpg,"Assassinatos levam uma jovem, um repórter e um ex-policial ao set de um filme de horror inspirado por acontecimentos aterrorizantes aos quais eles sobreviveram."
Resident Evil: Bem-Vindo a Raccoon City,https://image.tmdb.org/t/p/w500/tnKi8Vx9mRvOGrmzBOOh5wHEbQI.jpg,"O que já foi um dia a casa da gigante farmacêutica em expansão Umbrella Corporation, Raccoon City, é agora uma cidade agonizante do meio-oeste. O êxodo da empresa transformou a cidade em um deserto, com um grande mal fermentando escondido abaixo da superfície. Quando esse mal é libertado, um grupo de sobreviventes deve trabalhar juntos para descobrir a verdade por trás da Umbrella enquanto buscam viver por mais uma noite."
IT: Capítulo Dois,https://image.tmdb.org/t/p/w500/qjKvLv6Z2D9QWEOdnsrffguazHk.jpg,"Vinte e sete anos após o Clube dos Otários derrotar Pennywise, It está de volta. Agora adultos Os Otários seguiram com suas vidas, mas com os recentes desaparecimentos em Derry, Mike resolve reunir o grupo novamente. Perturbados pelo passado, eles precisam vencer seus medos para destruir Pennywise, que está ainda mais perigoso, de uma vez por todas."
X: A Marca da Morte,https://image.tmdb.org/t/p/w500/4BarWJRYFB5fN7LsJI9U2ul79hB.jpg,"Em 1979, um grupo de jovens cineastas se propôs a fazer um filme adulto na zona rural do Texas, mas quando seus solitários e idosos anfitriões os pegam em flagrante, o elenco se vê lutando por suas vidas."
Um Lugar Silencioso - Parte II,https://image.tmdb.org/t/p/w500/bqWvndlCAcBteUaHOL5HHEN5uHn.jpg,"Logo após os acontecimentos mortais, até mesmo dentro de casa, a família Abbott precisa agora encarar o terror mundo afora, continuando a lutar para sobreviver em silêncio. Obrigados a se aventurar pelo desconhecido, eles rapidamente percebem que as criaturas que caçam pelo som não são as únicas ameaças que os observam pelo caminho de areia."
A Morte do Demônio: A Ascensão,https://image.tmdb.org/t/p/w500/pYHypEGMKtFTSQqfWC6IJFeaz1J.jpg,"Duas irmãs distantes cujo reencontro é interrompido por demônios devoradores de carne que aparecem de repente, levando-as a uma batalha primal pela sobrevivência, enfrentando a versão mais assustadora que se possa imaginar de uma família."
A Caçada,https://image.tmdb.org/t/p/w500/mDt3GkephI5yrRsEgLfdo3MYxyj.jpg,"Doze estranhos acordam em uma clareira. Eles não sabem onde estão ou como chegaram lá. Eles não sabem que foram escolhidos para um propósito muito específico, A Caçada."
Terror em Silent Hill,https://image.tmdb.org/t/p/w500/7CLiGJbAlJNlbMbgeVbLhaEx8XD.jpg,"Rose, uma mãe desesperada leva sua filha adotiva, Sharon, para a cidade de Silent Hill na tentativa de curá-la de seu sofrimento. Após um violento acidente de carro, Sharon desaparece e Rose começa sua busca desesperada para recuperá-la. Ela entra em uma neblina de cinzas e vai de encontro ao terrível segredo da cidade. Perseguida por grotescas criaturas deformadas e outras pessoas da cidade presas em um permanente purgatório, Rose começa a desvendar a verdade por trás do apocalíptico desastre que queimou a cidade há 30 anos."
Longlegs - Vínculo Mortal,https://image.tmdb.org/t/p/w500/uURBOrqLFyU8iKODcI3t2Xkbhqs.jpg,"A agente do FBI Lee Harker é designada para o caso de um serial killer que toma rumos inesperados, revelando indícios de ocultismo. Harker descobre uma conexão pessoal com o assassino e precisa detê-lo antes que ele mate novamente."
O Macaco,https://image.tmdb.org/t/p/w500/2jME1L29XGE3T4f0zUHgpiKsPrV.jpg,"Dois irmãos gêmeos encontram um macaco de brinquedo que pertenceu ao seu pai. Quando percebem coisas sinistras acontecendo à sua volta, os dois se desfazem do boneco e seguem com suas vidas. Após anos afastados, eventos terríveis começam a se desdobrar e os irmãos precisam se reunir para destruir o brinquedo antes que todos que amam morram."
Pânico na Floresta,https://image.tmdb.org/t/p/w500/mQVIIUXHo3Qpd6nu0api7UyMpas.jpg,"Cinco amigos percorrem uma trilha na floresta, em pleno estado da Virginia. Após pegarem o caminho errado, eles se deparam com uma família de canibais, que possui o rosto desfigurado devido a diversas gerações cosanguíneas terem nascido. Desesperados após serem capturados, os amigos agora querem apenas fugir do local o mais rápido possível."
Juntos,https://image.tmdb.org/t/p/w500/m9jfOWLuyYejyJX17wRFUQGtUji.jpg,"O que poderia ser uma oportunidade para recomeçar logo se transforma em um verdadeiro pesadelo, quando uma força sobrenatural começa a corromper sua relação, suas mentes e seus corpos. À medida que se afastam de tudo o que conheciam, o casal descobre que, para permanecerem juntos, terão que enfrentar um horror muito maior do que o que os separava."
Sobrenatural,https://image.tmdb.org/t/p/w500/4ObTwWSADRETMEqrlpXiubZrOc1.jpg,"Josh e Renai se mudam com a família para uma casa maior. Lá, o filho Dalton sofre um estranho acidente e entra em coma. Enquanto eles tentam salvar o menino, entidades malignas atormentam a família."
Gremlins,https://image.tmdb.org/t/p/w500/qVpNFHNjRkzfZj7bzOK803A0ctO.jpg,"Depois de receber um pequeno animal exótico como presente de Natal, um jovem erroneamente quebra três regras importantes sobre seu novo animal de estimação, o que libera uma horda de criaturas malévolas e travessas em uma pequena cidade."
O Lamento,https://image.tmdb.org/t/p/w500/mL4vGghS5XtgeNIPjhoTg8Tv5cJ.jpg,"A chegada de um misterioso estranho em uma aldeia tranquila coincide com uma onda de assassinatos cruéis, causando pânico e desconfiança entre os moradores. Quando a filha do oficial de investigação Jong-Goo cai sob a mesma magia selvagem, ele chama um xamã para ajudar a encontrar o culpado."
A Experiência,https://image.tmdb.org/t/p/w500/uRssQeAvrXVYoCkgfQounfUQ1y1.jpg,"Cientistas usam um código genético alienígena para criar uma menina que parece comum. Eles têm ordens para matar a criança --uma mistura de humano e alien-- após o nascimento, mas ela cresce depressa, consegue escapar e agora quer se reproduzir."
Poltergeist: O Fenômeno,https://image.tmdb.org/t/p/w500/dVYBZo9sqHrLcM3F32urM5ru0k1.jpg,"""Eles estão aqui"". E parecem amistosos no começo, tentando equilibrar cadeiras na cozinha da casa da família Freenlings, num subúrbio americano. Então, as coisas tornam-se tenebrosas. Uma tempestade rompe, o ataque de uma árvore, a pequena Carol Anne Freeling desaparece num espectro sinistro. E assim que sua família confronta uma reação em cadeia de horror e luta para trazer sua caçula de volta, alguma outra coisa está aqui também: um novo marco nas histórias de fantasmas em Hollywood."
Shin Gojira,https://image.tmdb.org/t/p/w500/aJnVDeqGvMc2mbwH8DJds652eEo.jpg,Um monstro gigante e radioativo apareece na baía de Tóquio e provoca o caos na cidade. Enquanto a criatura evolui as autoridades debatem como enfrentá-lo.
Invocação do Mal 3: A Ordem do Demônio,https://image.tmdb.org/t/p/w500/fNu88PdpStJGe09AUYmqTn6NEXB.jpg,Um dos casos mais sensacionais de seus arquivos começa com a luta pela alma de um garoto e depois os leva para além de qualquer coisa que já tenham visto. Esse caso marcou a primeira vez na história dos Estados Unidos em que um suspeito de assassinato alegou possessão demoníaca como defesa.
Não! Não Olhe!,https://image.tmdb.org/t/p/w500/eyOw2kAOad2MNVsjMFmfzavB51h.jpg,"Depois da trágica morte de seu pai, o treinador de animais para produções de Hollywood, OJ, e sua irmã, Emerald, começam a ver fenômenos inexplicáveis em seu vasto rancho no sul da Califórnia, que leva eles por um caminho obsessivo enquanto tentam captar o mistério em filme."
A Bruxa,https://image.tmdb.org/t/p/w500/qqOtwhj8DxOBIwI0u6ThooXEIBR.jpg,"O casal William e Katherine leva uma vida cristã com suas cinco crianças em uma comunidade extremamente religiosa, até serem expulsos do local por sua fé diferente daquela permitida pelas autoridades. A família passa a morar num local isolado, à beira do bosque, sofrendo com a escassez de comida. Um dia, o bebê recém-nascido desaparece. Enquanto buscam respostas, cada membro da família descobre seus piores medos."
M3GAN,https://image.tmdb.org/t/p/w500/d9nBoowhjiiYc4FBNtQkPY7c11H.jpg,"Uma brilhante roboticista de uma empresa de brinquedos usa inteligência artificial para desenvolver M3GAN, uma boneca realista programada para se relacionar emocionalmente com sua sobrinha recém-órfã. Mas quando a programação da boneca funciona muito bem, ela se torna superprotetora de sua nova amiga... com resultados aterrorizantes."
Não Fale o Mal,https://image.tmdb.org/t/p/w500/tjj473rnrNzPwWgLFNF0gsPXmU.jpg,"Quando uma família americana é convidada a passar o fim de semana na idílica casa de campo de uma charmosa família britânica, com quem fizeram amizade nas férias, o que começa como um feriado dos sonhos logo se transforma em um assustador e paralisante pesadelo psicológico."
Aniquilação,https://image.tmdb.org/t/p/w500/nuRDoKqbly63XbNQNbsCo2JWvlM.jpg,"Depois que seu marido desaparece em uma missão secreta, a bióloga Lena embarca numa expedição à uma misteriosa região interditada pelo governo dos EUA."
Os Estranhos: Capítulo 2,https://image.tmdb.org/t/p/w500/bMrUruq2lT3b7xwC5y3vEidGYfZ.jpg,"Após sobreviver ao ataque dos mascarados, Maya vê-se em um pesadelo ainda maior. Agora, ela será novamente caçada em uma luta brutal pela sobrevivência. A ameaça se intensifica e, a cada passo, a morte se aproxima."
Apocalipse Z: O Princípio do Fim,https://image.tmdb.org/t/p/w500/tsFAhay6bcjkawEVoOiu66GRkLT.jpg,"Quando um tipo de raiva que transforma as pessoas em criaturas agressivas se espalha pelo planeta, Manel se isola em casa com seu gato, confiando em sua inteligência para sobreviver; mas logo eles precisam sair em busca de comida, por terra e por mar, esquivando-se de muitos perigos."
O Telefone Preto,https://image.tmdb.org/t/p/w500/aAdnNifQo2qxDYnuDD3blsxinH1.jpg,"Após ser raptado por um assassino de crianças, Finney Shaw começa a receber chamadas de vítimas anteriores do assassino. Elas estão determinadas a garantir que o que lhes aconteceu não aconteça com Finney."
Zumbilândia,https://image.tmdb.org/t/p/w500/mXuFhb5U2FgVq8uu4k3luQVRwLK.jpg,"Um estudante tímido tentando chegar até sua família em Ohio, um cara durão armado tentando encontrar o último Twinkie e duas irmãs tentando encontrar um parque de diversões se unem para viajar através de uma América cheia de zumbis."
A Freira,https://image.tmdb.org/t/p/w500/8RkHWJFDuzm0mrsJUxTbPTnsPe7.jpg,"Presa em um convento na Romênia, uma freira comete suicídio. Para investigar o caso, o Vaticano envia um padre assombrado e uma noviça prestes a se tornar freira. Arriscando suas vidas, a fé e até suas almas, os dois descobrem um segredo profano e se confrontam com uma força do mal que toma a forma de uma freira demoníaca e transforma o convento em um campo de batalha."
Abigail,https://image.tmdb.org/t/p/w500/5gKKSoD3iezjoL7YqZONjmyAiRA.jpg,"Um grupo de criminosos sequestra a filha de 12 anos de uma figura poderosa. Mantendo-a em uma mansão isolada, o plano deles começa a desmoronar quando descobrem que a jovem prisioneira é na verdade uma menina nada normal."
Vincent Tem de Morrer,https://image.tmdb.org/t/p/w500/dJYF9WD2lKWSQG4E4LMnBaZfM1C.jpg,Estranhos começam a atacar Vincent sem motivo aparente. Sua rotina se desmorona forçando-o a fugir e reinventar sua vida neste thriller psicológico com doses de humor ácido.
Nós,https://image.tmdb.org/t/p/w500/5ncjQfUDr0oRKnfpdAXobJFbnao.jpg,"Adelaide e Gabe levam a família para passar um fim de semana na praia e descansar. Eles começam a aproveitar o ensolarado local, mas a chegada de um grupo misterioso muda tudo e a família se torna refém de seres com aparências iguais às suas."
Um Lugar Silencioso: Dia Um,https://image.tmdb.org/t/p/w500/pN9BtzUeqPIKybAu9baihz6YzyO.jpg,"Quando Samira retorna para Nova York, sua viagem se transforma em um pesadelo angustiante quando as misteriosas criaturas que caçam pelo som atacam. Acompanhada de seu gato Frodo e de um aliado inesperado, Samira deve embarcar em uma perigosa jornada pela cidade que de repente ficou silenciosa, na qual a única regra é permanecer quieta para continuar  viva."
"Carrie, A Estranha",https://image.tmdb.org/t/p/w500/bDgI10ARAA8xgeIOtEnQpYeYymA.jpg,"A quieta e sensível adolescente Carrie White enfrenta insultos dos colegas na escola e abuso em casa de sua mãe, uma fanática religiosa. Quando estranhos acontecimentos começam a acontecer em torno de Carrie, ela começa a suspeitar que tem poderes sobrenaturais."
Todo Mundo Quase Morto,https://image.tmdb.org/t/p/w500/cu9CgaxcJ3UG1Up3l5bsG2wNtfY.jpg,"Shaun trabalha como vendedor e divide uma casa com Ed, seu melhor amigo, e Pete. Ele costuma ir sempre ao pub local, mas Liz, sua namorada, está cansada de lá. Além disto ela sempre reclama que ele não se separa de Ed, apesar de suas piadas bobas e seu desinteresse em fazer algo útil. Para resolver a questão Shaun aceita marcar um encontro com Liz em outro restaurante, mas se esquece de fazer a reserva. Irritada, ela decide terminar com ele. Shaun, arrasado, se embebeda no seu pub predileto ao lado de Ed, sem notar que as pessoas à sua volta estão se tornando zumbis, devido a um estranho fenômeno."
O Nevoeiro,https://image.tmdb.org/t/p/w500/nhK5Np3A9wBXAYzropa298TylCa.jpg,"Após uma violenta tempestade devastar a cidade de Maine, David Drayton e Billy, seu filho de 8 anos, correm rumo ao supermercado, temendo que os suprimentos se esgotem. Porém um estranho nevoeiro toma conta da cidade, o que faz com que David, Billy e outras pessoas fiquem presas no supermercado. Logo David descobre que há algo de sobrenatural envolvido e que, caso deixem o local, isto pode ser fatal."
Os Outros,https://image.tmdb.org/t/p/w500/50cwEV5MvT1Kr8OxcmBjbhLOFsk.jpg,"Grace Stewart vive em uma casa velha com seus dois filhos e os criados. Uma condição rara das crianças, que são fotossensíveis, faz com que eles vivam na escuridão, algo que complica a rotina diária de todos. Acontece que coisas esquisitas têm acontecido na casa e Grace começa a suspeitar que sua casa é assombrada."
Bird Box,https://image.tmdb.org/t/p/w500/fiqsYTrNpo9MNuWHu7Bb9Tjrv2V.jpg,"Uma misteriosa presença dizima grande parte da sociedade. Cinco anos depois, uma sobrevivente e seus dois filhos saem em busca de um abrigo seguro."
Garota Infernal,https://image.tmdb.org/t/p/w500/lIHXfHgVPDP0r5tKuysqpNkQQmV.jpg,"Ao ser possuída por um demônio, a estudante Jennifer se torna muito brava com os rapazes que nunca a deram uma chance. Enquanto a maldosa Jennifer satisfaz seu apetite com carne humana de meninos da escola, sua amiga nerd Needy descobre o que está acontecendo e promete colocar um fim na carnificina."
Anaconda,https://image.tmdb.org/t/p/w500/cdZInQF7FNhiA622Ut9PcOXMDiM.jpg,"Uma equipe de filmagem chega à Amazônia para fazer um documentário sobre a tribo shirishama. Guiados pelo misterioso Paul Sarone, o grupo descobre que está envolvido em uma perigosa caçada à serpente rara e gigantesca conhecida como Anaconda. O jogo vira quando o grupo percebe que o animal é inteligente e tem um plano bem elaborado para devorar um a um."
Premonição,https://image.tmdb.org/t/p/w500/yFJVHW2Q7ofpS0IJFPKBoonAbMe.jpg,"Pouco antes de decolar no vôo 180 para Paris, Alex experimenta a angustiante visão do avião transformando-se numa bola de fogo gigante em pleno vôo. Em pânico, o estudante é retirado da aeronave com uma professora e alguns colegas de classe. Irritado e decepcionado, o grupo assiste seu vôo partir. É quando o inimaginável acontece, o avião explode matando todo mundo a bordo! Confuso entre a idéia de Alex ter salvo a todos e a possibilidade de ele ter provocado o acidente, o grupo não sabe como reagir. Para Alex, porém, o fato de ter escapado da tragédia não traz alívio, pois presságios terríveis continuam a perturbá-lo. Neles Alex vê, um a um, seus amigos morrerem. Então percebe que, ao saírem do avião, eles desafiaram a ordem natural das coisas e agora terão de acertar suas contas com a própria Morte."
Alien³,https://image.tmdb.org/t/p/w500/9TM6DMFUJju7GgvxAufZlNLDlki.jpg,"A tenente Ripley é encarregada de ir a um planeta que é usado como colônia penal de segurança máxima. Este é o novo palco de assassinatos do Alien, que está matando tudo o que se move, menos a própria tenente Ripley, que aparentemente não é atacada pelo monstro."
O Chamado,https://image.tmdb.org/t/p/w500/4skN151KEKtJQSLJ7zkWSDGE0DJ.jpg,"Rachel Keller é uma jornalista que decide investigar a misteriosa morte de sua sobrinha. Ela percebe a relação da morte dela e de várias outras mortes com um estranho vídeo, que faz com que todas as pessoas que o assistam morram exatamente sete dias depois. Intrigada com a história, ela agora precisa descobrir um meio que impeça que a profecia se realize, já que ela e seu filho assistiram ao vídeo."
Eu Vi o Diabo,https://image.tmdb.org/t/p/w500/dMPwI1RnKsngDppHHJfymmzJvfl.jpg,"A noiva de um agente secreto é morta por um serial killer. Cego pela fúria, ele começa a investigar os possíveis suspeitos do crime, até finalmente identificar o culpado. Mas, ao invés de matá-lo, resolve pôr em prática uma terrível e lenta vingança."
A Astronauta,https://image.tmdb.org/t/p/w500/wrfj52LgmanNAunu203UXxTLwD7.jpg,"Quando uma astronauta cai de volta à Terra após um acidente, um General a coloca em quarentena para reabilitação e testes. À medida que eventos perturbadores começam a acontecer, ela teme que algo extraterrestre tenha a seguido até em casa."
Vida,https://image.tmdb.org/t/p/w500/bKacW7BlSPHYvklyhSHvJrNl1CO.jpg,Um time de cientistas a bordo da Estação Espacial Internacional cuja missão de descoberta se transforma em medo puro quando eles encontram uma forma de vida em desenvolvimento que causou a extinção da vida em Marte e agora ameaça a tripulação e a vida na Terra.
Viagem Maldita,https://image.tmdb.org/t/p/w500/m7rGCY9MafDX3N3Z9jSzHSWGqtg.jpg,"Viagem Maldita é a história de uma família em férias com direção à Califórnia, que no entanto é desviada com muito pavor a um trecho desolado do deserto, levando seus viajantes a ficarem presos em um zona atômica do governo. Longe de tudo, a família Carter logo percebe que esta aparente desabitada terra devastada, é na verdade local de procriação de uma cruel e sanguinária, família de mutantes...que fará deles suas presas, enfrentando assim uma batalha desesperada pela sobrevivência."
Fale Comigo,https://image.tmdb.org/t/p/w500/tqLkt6vDcIKyMi8asbSxlnEwYiT.jpg,"Quando um grupo de amigos descobre como conjurar espíritos usando uma antiga mão embalsamada, eles ficam viciados na nova emoção. Até que um deles vai longe demais e abre a porta para o mundo espiritual."
Alien: A Ressurreição,https://image.tmdb.org/t/p/w500/lBQihuqaiRFZEzQh3M5uKXfmW15.jpg,"Duzentos anos se passaram desde que Ripley sacrificou sua vida em Fiorina 161. Agora, depois de tanto tempo, e após sete pavorosos fracassos, os cientistas finalmente conseguiram clonar uma réplica perfeita de Ripley, o que inclui DNA da Rainha alienígena que se desenvolvia dentro dela quando Ripley morreu. Mas essa nova geração de aliens é muito mais inteligente do que foram seus antecessores - um fato que os cientistas só percebem após a nave The Betty ter chegado com mais hospedeiros humanos."
Until Dawn: Noite de Terror,https://image.tmdb.org/t/p/w500/mUSwXnXI2uZbE7ymwTK28S6QzD1.jpg,"Explorando um centro de visitantes abandonado, Clover e seus amigos encontram um assassino mascarado que os mata um por um. No entanto, quando eles misteriosamente acordam no início da mesma noite, são forçados a reviver o terror repetidamente."
A Cura,https://image.tmdb.org/t/p/w500/g2x1gF89LFej8gOTeeLVefDP5Je.jpg,"Pessoas são encontradas mortas com um bizarro ""x"" cravado em seus corpos. Desesperado, um detetive chamado Takabe decide iniciar uma investigação à base de longos e intermináveis sessões de interrogatórios. Porém, sua investigação não resulta em nada. Até que um determinado dia um rapaz é preso por estar perto de mais uma pessoa assassinada. Tímido e de trejeitos estranhos, resta saber qual a ligação entre ele o os crimes (e quem sabe, com o assassino)"
O Homem Sem Sombra 2,https://image.tmdb.org/t/p/w500/r8kFpd03LLpK5pG6cCSQdQKhSme.jpg,"Christian Slater é Michael Griffin, um homem que se torna um assassino invisível que vai enlouquecendo ao mesmo tempo em que morre lentamente, tudo resultado do fato de ter tomado um soro experimental da invisibilidade. Ele está espalhando o terror, o que leva o governo a usar uma cientista, a única capaz de mantê-lo vivo, como isca para poder pegá-lo. Nesse perigoso plano, ela conta com a ajuda de um detetive, que chega a um ponto crucial quando descobre que para manter sua protegida viva, será preciso tomar o tal soro, o que o transformará também em um homem sem sombra. Agora, dois homens invisíveis estão cara a cara e se enfrentam em uma batalha onde apenas um deles saíra com vida nessa produção de ação que prega boas surpresas nas horas certas."
Pânico na Floresta 2,https://image.tmdb.org/t/p/w500/4Ra0ejDcncJTZJfHOVRV2bm4DMd.jpg,"De olho em prêmio, grupo de desconhecidos participa de reality show em uma floresta nos EUA e realmente tem de lutar pela sobrevivência quando é aterrorizado por bando de canibais que planeja matar a todos e comê-los depois."
Exorcismo Sagrado,https://image.tmdb.org/t/p/w500/7y181pPW5P6xhcEbAVTv01bVJov.jpg,"Ao ser possuído durante um ritual de exorcismo, o padre Peter Williams acabou cometendo um terrível sacrilégio. Dezoito anos depois, as consequências de seu pecado voltam para assombrá-lo e acabam desencadeando uma batalha ainda maior entre o bem e o mal."
O Jogo da Tentação,https://image.tmdb.org/t/p/w500/dtdZRfoNRNcH92wnRmIUqU2VVrW.jpg,"Um rapaz, que acabou de se tornar pai e luta contra a fadiga, inseguranças emocionais e um casamento fracassado, se inscreve em um aplicativo de namoro e encontra uma jovem atraente, que parece ter poderes inumanos."
Extermínio 2,https://image.tmdb.org/t/p/w500/mZVFtNKPv3aiESKKeUDV61DaQ90.jpg,"Seis meses depois de um vírus ter destruído um grande número de pessoas na Grã-Betanha, o exército americano declara que o perigo já passou e começa a reconstrução da cidade. Os refugiados retornam, mas um deles carrega um segredo mortal. O vírus não está morto e agora está mais perigoso."
GOAT,https://image.tmdb.org/t/p/w500/d40M65yUQ0a92vynDJDeXpek7io.jpg,"O promissor quarterback Cameron Cade tem sua carreira em risco. Às vésperas de um importante evento de seleção de atletas, ele sofre um grave trauma cerebral após ser atacado por um fã. Quando tudo parece perdido, seu ídolo de infância, Isaiah White, oferece-se para treiná-lo em seu ginásio isolado, dando a Cam uma nova chance. Contudo, o processo de reabilitação e o tempo que passam juntos revelam-se muito mais complexos e inesperados do que o jovem atleta poderia ter previsto."
Pearl: Uma História de Origem 'X',https://image.tmdb.org/t/p/w500/cTgLkhIMmzwH1NAaq7NDbFN20zi.jpg,"Presa na fazenda isolada de sua família, Pearl deve cuidar de seu pai doente sob o olhar amargo e autoritário de sua mãe devota. Desejando uma vida glamourosa como ela viu nos filmes, as ambições, tentações e repressões de Pearl colidem, na impressionante história de origem inspirada em technicolor da icônica vilã de X."
Drácula de Bram Stoker,https://image.tmdb.org/t/p/w500/ecuP4ZaIHawKmmIaXD5mS55UlhL.jpg,"O vampiro Conde Drácula vem à Inglaterra atrás de quem ele acredita ser sua antiga paixão, de quando ainda era um mortal."
O Segredo da Cabana,https://image.tmdb.org/t/p/w500/raOYAZFVpWyL9teEzLDEwtP8lm9.jpg,"Cinco amigos fazem uma pausa em uma cabana remota, onde conseguem mais do que esperavam, descobrindo a verdade atrás da cabana na floresta."
Uma Noite de Crime,https://image.tmdb.org/t/p/w500/s2S7u7tSyqavp1d81dZkzIEjIwD.jpg,"Na América, em um futuro próximo, o governo sancionou um período anual de 12 horas, permitindo qualquer atividade criminal, incluindo assassinato. Nessa noite dominada pela violência e por uma epidemia de crime, uma família é testada para ver até aonde irá para se proteger, quando o cruel mundo exterior entrar em sua casa."
Brinquedo Assassino,https://image.tmdb.org/t/p/w500/pdnXDnuAWIc9pwobTQ5XknlcbbS.jpg,"Após a babá do garotinho de seis anos, Andy Barclay, ser violentamente arremessada pela janela, ninguém acredita nele quando diz que ""Chucky"", o boneco que ganhou de aniversário, foi o culpado! Até que as coisas começam a dar errado... mortalmente errado. E quando uma série de terríveis assassinatos leva um detetive de volta ao mesmo brinquedo, ele descobre que o verdadeiro terror tinha apenas começado – o boneco perturbado planeja transferir seu espírito mau para um ser vivo – o pequeno Andy."
Além da Vida,https://image.tmdb.org/t/p/w500/miEZN9iocT8K7baPg8DR2492rm3.jpg,"Após sofrer um terrível acidente de trânsito, Anna desperta em uma funerária. Eliot Deacon diretor do local, afirma que ela se encontra na transição entre a vida e a morte e que somente ele pode falar com ela, pois tem a capacidade de se comunicar com os mortos. Anna desconfia da situação, mas encontra-se presa. A única esperança é seu noivo Paul, que não aceita sua morte."
A Tristeza,https://image.tmdb.org/t/p/w500/qu7leaIvLWzwoHUEFHZj4vfut7N.jpg,Um jovem casal tenta se reencontrar no meio de uma cidade devastada por uma praga que transforma suas vítimas em sádicos insanos e sanguinários.
A Mosca,https://image.tmdb.org/t/p/w500/dQWmNTzZBRuxDGiLsuKuPXJQES1.jpg,"Seth Brundie é um cientista excêntrico que trabalha numa nova invenção, uma máquina de teletransporte - a TelePod. Ao seu lado, tem Veronica, uma jornalista que acompanha seus projetos acreditando ser essa a história do ano. Ao experimentar seu novo invento, Seth não percebe que uma mosca entrou na cabine do teletransporte. O imprevisto faz com que os padrões moleculares do homem e do inseto se misturem e, pouco a pouco, o cientista vai sofrendo terríveis transformações."
Blade II: O Caçador de Vampiros,https://image.tmdb.org/t/p/w500/oWOLfBmVUcQ2hBzkraRDlfJUJZp.jpg,"Blade é um ser meio homem, meio vampiro que é consumido pelo desejo de vingança contra os seres que atacaram sua mãe antes mesmo dele nascer e fizeram com que ele se tornasse o que é atualmente. Com isso, ao crescer Blade iniciou uma verdadeira cruzada pessoal para combater e eliminar os vampiros, mas agora uma nova raça mais poderosa chamada reapers, criada a partir de cruzamentos genéticos entre humanos e vampiros, ameaça eliminar ambas as raças. Visto isso, Blade se alia aos seus maiores inimigos para que, juntos, possam combater esta nova raça de seres."
O Homem Invisível,https://image.tmdb.org/t/p/w500/aQhkamz4n7UHlDOJJ8paDijEf4E.jpg,"Quando o ex abusivo de Cecilia tira a própria vida e deixa sua fortuna, ela suspeita que a morte dele tenha sido uma farsa. Como uma série de coincidências se torna letal, Cecilia trabalha para provar que está sendo caçada por alguém que ninguém pode ver."
Premonição 2,https://image.tmdb.org/t/p/w500/v1HSfT3BjDRGfHji30VvHeCBJHu.jpg,"Kimberly está na estrada com amigos quando tem a visão de um acidente com inúmeros carros e mortes, inclusive a sua. Apavorada, ela para na tentativa de evitar a ocorrência. Mas, infelizmente, o acidente acontece. Contudo, algumas das pessoas que deveriam ter morrido acabam se salvando. E é aí que o pesadelo começa. Agora, a Morte voltará para levar, um a um, todos aqueles que tiveram o traçado de seu destino alterado pela premonição da garota."
Madrugada dos Mortos,https://image.tmdb.org/t/p/w500/1ZwFI4EA9xGo3aJV9Ulqx7Y37Rz.jpg,"Após mais um dia de trabalho, tudo que Ana quer é tomar um banho ao lado do marido e dormir. Mas nas primeiras horas da manhã, ela é violentamente atacada por uma legião de mortos-vivos, e se descobre um pesadelo real: o mundo inteiro está tomado por zumbis. Em fuga desesperada, Ana se une a um pequeno grupo de sobreviventes, que se refugiam num shopping center enquanto o mundo lá fora se transforma literalmente no inferno."
Abismo do Medo,https://image.tmdb.org/t/p/w500/dSi7PfC9MiKZwntUZBArUpwbXZa.jpg,"Um ano após um grave trauma emocional, Sarah passa o tempo explorando cavernas com suas amigas. Depois de descerem ao subsolo, as mulheres encontram provas de uma expedição anterior e descobrem que não estão sozinhas. Predadores subterrâneos habitam as fendas e gostam de carne humana."
Resident Evil: Ilha da Morte,https://image.tmdb.org/t/p/w500/bDqY2AYYdZQykEhmDr87i8RKKTT.jpg,"Em São Francisco, Jill Valentine está lidando com um surto de zumbis e um novo T-Virus, Leon Kennedy está no encalço de um cientista DARPA sequestrado e Claire Redfield está investigando um peixe monstruoso que está matando baleias na baía. Acompanhados por Chris Redfield e Rebecca Chambers, eles descobrem que as pistas de seus casos separados convergem para o mesmo local, a Ilha de Alcatraz, onde um novo mal se estabeleceu e aguarda sua chegada."
Holocausto Canibal,https://image.tmdb.org/t/p/w500/9W5sAaT7nXQx4Sr5aBBfINEWvKS.jpg,"O filme conta a história de quatro documentaristas de tribos que embrenham-se na selva para filmar indígenas. Dois meses mais tarde, depois que o grupo não retorna, o famoso antropólogo Harold Monroe (Robert Kerman) viaja em uma missão de resgate para encontrá-los. Ele consegue recuperar as latas de filme perdidas, que revelam o destino dos cineastas desaparecidos."
Um Drink no Inferno,https://image.tmdb.org/t/p/w500/e94hzzORbyNlCObOR6nd8XneAuf.jpg,"Dois irmãos procurados pela polícia por 16 mortes sequestram um ex-pastor e seu casal de filhos, para poderem atravessar a fronteira com o México, e lá se dirigem à uma casa noturna frequentada por caminhoneiros e motoqueiros, que é uma mistura de cabaré e prostíbulo. Porém, ao chegarem lá eles se deparam com algo totalmente inacreditável."
O Último Portal,https://image.tmdb.org/t/p/w500/6E4XFUZGQnhqjnQhcAb0ZiA89lo.jpg,"Johnny Depp está no papel de Dean Corso, um especialista em livros raros. Ele é contratado por Boris Balkan, um estudioso sobre demônios que acabou de conseguir uma raro livro do século 17 que, segundo a lenda, foi escrito pelo Diabo e traz uma poderosa invocação satânica. O novo cliente quer que Corso viaje à Europa e encontre os dois outros únicos exemplares do mesmo livro para verificar sua autenticiadade. De Nova York a Toledo, de Portugal à Paris, Corso submerge-se num labirinto cheio de armadilhas e tentações, lidando com violência e mortes misteriosas"
Imaculada,https://image.tmdb.org/t/p/w500/6EYfWxIGPc23m1GFs9Gt3kzTl5O.jpg,"Cecilia, uma jovem religiosa, se torna freira em um convento isolado na região rural italiana. Após uma gravidez misteriosa, Cecilia é atormentada por forças perversas, enquanto confronta segredos sombrios e horrores do convento."
O Hospedeiro,https://image.tmdb.org/t/p/w500/tqDQzYGi1EWHgUZY91YRSJLDJVf.jpg,"Na beira do rio Han, moram Hee-bong e sua família, donos de uma barraquinha de comida no parque. Seu filho mais velho, Gang-du, tem 40 anos, mas é um tanto imaturo; a filha do meio é arqueira do time olímpico coreano; e o filho mais novo está desempregado. Todos cuidam da menina Hyun-seo, filha de Gang-du, cuja mãe saiu de casa há muito tempo. Um dia, surge um monstro no rio, causando terror nas margens e levando com ele a neta querida de Hee-bong."
O Tarô da Morte,https://image.tmdb.org/t/p/w500/ltOnEtJZyruTAOPRs0xYy6njIkY.jpg,"Quando um grupo de amigos irresponsavelmente viola a regra sagrada da leitura de tarô, a de nunca usar o deque de outra pessoa, eles libertam um mal inominável que estava preso nas cartas. Um por um, eles encaram seu destino e acabam em uma corrida contra a morte para escapar do futuro previsto para eles nas cartas."
Eu Sei o Que Vocês Fizeram no Verão Passado,https://image.tmdb.org/t/p/w500/jT17jBHrUSVUKQET0t7alXeJUpS.jpg,"Quando cinco amigos inadvertidamente causam um acidente de carro fatal, eles encobrem o envolvimento e fazem um pacto para manter o segredo em vez de arcar com as consequências. Um ano depois, o passado volta para assombrá-los e eles são forçados a confrontar uma verdade terrível: alguém sabe o que eles fizeram no verão passado... e está determinado a se vingar. À medida que os amigos são perseguidos, um a um, por um assassino, descobrem que isso já aconteceu antes e recorrem a dois sobreviventes do lendário Massacre de Southport, em 1997, em busca de ajuda."
Herege,https://image.tmdb.org/t/p/w500/j5e2YS1PRUVC1YgSool0JJyNLxJ.jpg,"Enquanto espalham sua fé pela cidade, as irmãs Barnes e Paxton batem na porta errada e acabam presas na casa do diabólico Sr. Reed, um homem misterioso. Elas são forçadas a participar de um jogo perturbador que desafia sua fé e põe em xeque tudo o que acreditam."
A Entidade,https://image.tmdb.org/t/p/w500/uTaCFSTQ29LKqLXJU75owdir04h.jpg,"Ellison (Ethan Hawke) é um escritor de romances policias que acaba de se mudar com a família. No sótão da nova casa ele descobre antigos rolos de filme, que trazem imagens de pessoas sendo mortas. Intrigado com o que elas representam e com um estranho símbolo presente nas imagens, ele e sua família logo passam a correr sério risco de morte."
Noites Brutais,https://image.tmdb.org/t/p/w500/tA5OE1P8GAEuASNtus5zhJrooI4.jpg,"Chegando a Detroit para uma entrevista de emprego, uma jovem aluga uma casa. Mas quando chega tarde da noite, ela descobre que a casa já havia sido alugada e ocupada por um homem estranho. Contrariando seu bom senso, ela decide passar a noite, mas logo descobre que há muito mais a temer do que um simples inquilino inesperado."
Uma Noite de Crime: Anarquia,https://image.tmdb.org/t/p/w500/ht1MWx0ZMgqKzvAUBp1WhsOQLWN.jpg,"Assim que a Noite de Crime deste ano começa, Leo, um enigmático solitário, assombrado pela morte de seu filho, quer vingança. Eva, uma mãe solteira, é forçada, junto com sua filha Cali, a sair de seu apartamento quando são atacadas. Shane e Liz, um jovem casal, tornamse vítimas de um roubo de carro. Buscando refúgio no carro blindado de Leo, Shane e Liz formam um grupo com esses outros três estranhos. Agora, essa improvável equipe vai descobrir até aonde serão capazes de chegar para se proteger entre si, enquanto lutam para sobreviver à terrível noite."
O Corvo,https://image.tmdb.org/t/p/w500/lNflUElL8Bp7pp5j8sQR2Z9qNZX.jpg,"As almas gêmeas Eric Draven e Shelly Webster são brutalmente assassinadas quando os demônios de seu passado sombrio os alcançam. Atravessando os mundos dos vivos e dos mortos, Draven retorna em busca de vingança sangrenta contra os assassinos."
A Lenda do Cavaleiro Sem Cabeça,https://image.tmdb.org/t/p/w500/zxOuNnW2qrOOFtiPVJtx5aRAJoX.jpg,"O jovem e cético detetive Ichabod Crane é transferido para a aldeia de Sleepy Hollow, em Nova Iorque, onde é encarregado de investigar as decapitações de três pessoas - assassinatos que os habitantes da cidade atribuem a um fantasma lendário, O Cavaleiro Sem Cabeça."
Terror em Shelby Oaks,https://image.tmdb.org/t/p/w500/4W3YM45SbAohhqYzXLCfQPwur3f.jpg,"Acompanhe a busca desesperada de Mia por sua irmã desaparecida, Riley, uma youtuber famosa por investigar o paranormal. A obsessão de Mia recomeça quando ela recebe uma fita misteriosa com indícios de que Riley ainda pode estar viva. A partir daí, ela mergulha em uma espiral de horror de um mal desconhecido, repleta de revelações perturbadoras e uma atmosfera sufocante."
Aterrorizante,https://image.tmdb.org/t/p/w500/z0m2BK6eCmaSJCDwS8JbkqDSg9P.jpg,Um palhaço maníaco aterroriza três jovens na noite de Halloween e todos os outros que estão em seu caminho.
Resident Evil: A Vingança,https://image.tmdb.org/t/p/w500/qF0R9nx8gtne6tdhVt4lMxXXVvE.jpg,"Chris Redfield, da BSAA, pede ajuda ao agente do governo Leon S. Kennedy e à professora Rebecca Chambers, do Instituto de Biotecnologia Alexander, para impedir que um mercador da morte vingativo espalhe um vírus mortal em Nova York."
Inatividade Paranormal 2,https://image.tmdb.org/t/p/w500/5npjz2n8ljXvROQev3sbSSAlVMI.jpg,"Malcolm (Marlon Wayans) está tentando reiniciar a vida ao lado de outra mulher, Megan (Jaime Pressly), juntamente com os dois filhos dela, Becky (Ashley Rickards) e Wyatt (Steele Stebbins). Juntos, eles se mudam para uma nova casa. Ele, para variar, permanece com a mania de filmar tudo o que acontece à sua volta, com diversas câmeras. Entretanto, não demora muito para que Malcolm volte a ser afetado por acontecimentos sobrenaturais, especialmente quando inicia um caso com uma estranha boneca."
Entrevista com o Vampiro,https://image.tmdb.org/t/p/w500/oKqRTSEeOaO6x4pqc5y36qnnHsq.jpg,"Na São Francisco dos anos 1990, um jornalista entrevista um jovem que afirma ser vampiro, narrando suas experiências dos últimos 200 anos. Em flash-back, conhecemos Louis de Pointe du Lac (Brad Pitt), um homem que perdeu a mulher, morta durante o parto, e também a vontade de viver. Com a ajuda de uma criatura da noite, Lestat de Lioncourt (Tom Cruise), ele se torna um vampiro e precisa aprender uma nova forma de vida."
A Múmia,https://image.tmdb.org/t/p/w500/vH9Hd7njePEe6xnRrYYaDmF2yqX.jpg,"Nas profundezas do deserto, uma antiga rainha, cujo destino foi injustamente lhe tirado está mumificada. Apesar de sepultada em sua cripta, ela desperta nos dias atuais. Com uma maldade acumulada ao longo dos anos, ela espalha terror desde as areais do Oriente Médio até os becos de Londres."
Vampire Hunter D: Bloodlust,https://image.tmdb.org/t/p/w500/l2FyMofnCYoALX8GZ9L9hdH0fEM.jpg,"Nascido de mãe humana e pai vampiro, ""D"" vive entre a luz e a escuridão num mundo à beira do abismo. ""D"" é contratado para rastrear Meier Link, um vampiro poderoso que sequestrou uma garota humana, Charlotte Elbourne. As ordens de ""D"" são claras: encontre Charlotte a qualquer custo e traga-a de volta. Mas, pela primeira vez, “D” enfrenta concorrentes sérios, os Irmãos Markus, também contratados para o mesmo fim. ""D"" deve interceptar Meier e superar adversários poderosos em uma corrida mortal contra o tempo."
MaXXXine,https://image.tmdb.org/t/p/w500/dmi277uSdCavkSLTVNBUMlyDYy0.jpg,"Na década de 1980, em Hollywood, a estrela de cinema adulto e aspirante a atriz Maxine Minx finalmente teve sua grande chance. Mas enquanto um misterioso assassino persegue as estrelas de Hollywood, um rasto de sangue ameaça revelar o seu passado sinistro."
Invasão Zumbi 2: Península,https://image.tmdb.org/t/p/w500/wftS9sRgmzZnHS4JrbRchaHqnju.jpg,"A península coreana ficou devastada após o surto de zumbis que atingiu os passageiros de um trem-bala com destino a Busan há quatro anos. Com isso, um ex-soldado que conseguiu fugir do país, Jung-seok, tem a missão de retornar e acaba encontrando alguns sobreviventes."
Jogos Mortais X,https://image.tmdb.org/t/p/w500/ch1BGjadaiPU59zYbb6zPUTZtyO.jpg,"Esperando por uma cura milagrosa, o adoecido John Kramer viaja para o México para um procedimento médico arriscado e experimental. Mas ao chegar no destino, se depara com um ambiente macabro, e descobre que toda a operação é uma farsa para enganar pessoas já vulneráveis. Agora armado com um novo propósito, o infame serial killer usa armadilhas insanas e engenhosas para virar o jogo contra os vigaristas, relembrando o motivo de ser conhecido como o terrível vilão Jigsaw."
Annabelle 2: A Criação do Mal,https://image.tmdb.org/t/p/w500/AtlcH0f8mEQGKVIBSgV4GgkTZMr.jpg,"Muitos anos após a morte de sua filha, um fabricante de bonecas e sua esposa recebem em sua casa uma freira e seis meninas vindas de um orfanato fechado. O que parecia ser a resposta para suas preces irá se tornar uma maldição conforme as convidadas se tornam alvo da criação possuída, Annabelle."
Sinais,https://image.tmdb.org/t/p/w500/96XBFBnH9PlGnxBWjA0U25PemVW.jpg,"No condado de Bucks (Pensilvânia), vive o viúvo Graham Hess e seus dois filhos, Morgan e Bo. Ele costumava ser o pastor da região, mas se recusa a ser chamado assim desde que sua mulher, Colleen, morreu atropelada por Ray Reddy, um de seus vizinhos. Os Hess ficam intrigados com o aparecimento de misteriosos círculos em sua plantação sem que haja o menor vestígio de quem os fez ou por qual motivo teriam sido feitos."
O Massacre da Serra Elétrica,https://image.tmdb.org/t/p/w500/p4ASEhC23kteI4pabD3cvFccCgO.jpg,"Em 1973, a polícia texana deu como encerrado o caso de um terrível massacre de 33 pessoas provocado por um homem que usava uma máscara feita de pele humana. Nos anos que se seguiram os policiais foram acusados de fazer uma péssima investigação e de terem matado o cara errado. Só que dessa vez, o único sobrevivente do massacre vai contar em detalhes o que realmente aconteceu na deserta estrada do Texas, quando ele e mais 4 amigos estavam indo visitar o seu avô."
O Enigma do Horizonte,https://image.tmdb.org/t/p/w500/h5R7WZGLLELUoFlYz2zHHYgpk2W.jpg,"Em 2047, uma missão de resgate é mandada para encontrar a ""Event Horizon"", uma nave que desapareceu misteriosamente sete anos atrás, quando explorava os limites do sistema solar. Mas ao encontrá-la os astronautas que integram a missão de resgate vão gradativamente tomando consciência do terrível mistério que os cerca."
Tempo,https://image.tmdb.org/t/p/w500/czVBkHRaZu8rOnCNTd0t7EHYj97.jpg,"Tempo acompanha uma família durante uma viagem para uma ilha tropical. Quando chegam em uma praia deserta, algo estranho começa a acontecer: todos passam a envelhecer rapidamente, anos inteiros passam em questão de minutos. Eles, então, precisam descobrir o que está acontecendo antes que suas vidas sejam encurtadas drasticamente."
Operação Overlord,https://image.tmdb.org/t/p/w500/zmlaHhabh23m3CKhRxsc357jKop.jpg,"Uma tropa de paraquedistas americanos é lançada atrás das linhas inimigas para uma missão crucial. Mas, quando se aproximam do alvo percebem que não é só uma simples operação militar e tem mais coisas acontecendo no lugar, que está ocupado por nazistas."
A Bruxa de Blair,https://image.tmdb.org/t/p/w500/jAKX4midH0vSm2XT54g5TWluQqw.jpg,"Três estudantes de cinema embrenham-se nas matas do estado de Maryland para fazer um documentário sobre a lenda da bruxa de Blair e desaparecem misteriosamente. Um ano depois, uma sacola cheia de rolos de filmes e fitas de vídeo é encontrada na mata. As imagens registradas pelo trio dão algumas pistas sobre seu macabro destino."
#Alive,https://image.tmdb.org/t/p/w500/fUEv9INjh1HEdbD9BAExioSO65a.jpg,"Um vírus terrível destrói a cidade, e um homem se tranca no apartamento para sobreviver. Desconectado do mundo, ele tenta desesperadamente encontrar uma saída."
Pânico na Floresta: A Fundação,https://image.tmdb.org/t/p/w500/j29PMbzHVnz6KhjVOUUWkprvkTp.jpg,"Um grupo de amigos de Nova Iorque fazem uma viagem de caminhada para as belas montanhas da Virgínia Ocidental, mas inadvertidamente caem presa de uma seita selvagem conhecida como a Fundação."
Jogos Mortais: Jigsaw,https://image.tmdb.org/t/p/w500/18vXrQmVWoLuAQEltcfIS2aHvej.jpg,"Após uma série de assassinatos, todas as pistas levam a John Kramer, assassino mais conhecido como Jigsaw. À medida que a investigação avança, os policiais percebem que estão perseguindo o fantasma de um homem morto há mais de uma década."
Annabelle,https://image.tmdb.org/t/p/w500/jnvQCi7cO3f5oAceTrodDjVvQmB.jpg,"Um casal se prepara para a chegada de sua primeira filha e compra para ela uma boneca. Quando sua casa é invadida por membros de uma seita, o casal é violentamente atacado e a boneca, Annabelle, se torna recipiente de uma entidade do mal."
Desespero Profundo,https://image.tmdb.org/t/p/w500/iJgY7pFXAs2PKhoA1g9jeoqUmQd.jpg,"Um grupo de desconhecidos acabam no meio do Oceano Pacífico depois de um acidente aéreo. Presos em uma bolsa de ar, eles devem trabalhar juntos para enfrentar os perigos que os cercam antes que o oxigênio acabe."
Legião,https://image.tmdb.org/t/p/w500/milcMMonazAiciPheWgbZAtGCw4.jpg,"Deus perdeu a fé na humanidade e enviou o anjo Michael (Paul Bettany), juntamente com uma legião de anjos, para dar início ao apocalipse. Entretanto, ao chegar Michael resolve se opor às ordens recebidas e proteger os humanos. O palco da batalha será no interior dos Estados Unidos, onde fica uma lanchonete gerenciada por Bob Hanson (Dennis Quaid) e seu filho Jeep (Lucas Black). Juntamente com Charlie (Adrianne Palicki), uma garçonete grávida, e Percy Walker (Charles S. Dutton), eles precisam encontrar um meio para sobreviver aos anjos que desejam exterminá-los a todo custo."
mãe!,https://image.tmdb.org/t/p/w500/ldEZHi9jyfAhJuSUaEWd7qf7nU3.jpg,"Um casal vive em um imenso casarão no campo. Enquanto a jovem esposa passa os dias restaurando o lugar, afetado por um incêndio no passado, o marido mais velho tenta desesperadamente recuperar a inspiração para voltar a escrever os poemas que o tornaram famoso. Os dias pacíficos se transformam com a chegada de visitantes que se impõem à rotina do casal e escondem suas verdadeiras intenções."
A Centopéia Humana,https://image.tmdb.org/t/p/w500/9CJBXYOs1dpmMZzvHm8XTbKfNos.jpg,"O filme relata uma viagem de duas jovens americanas por vários países da Europa. Ao atravessarem uma sombria floresta do interior da Alemanha, um acidente obriga-as a procurar refúgio na remota casa de um perverso cirurgião. Aí, depressa chegam à conclusão de que algo está errado quando o anfitrião revela os seus planos de transforma-las numa autêntica centopeia humana."
Gonjiam: Manicômio Assombrado,https://image.tmdb.org/t/p/w500/cHzyFneiUCBT0FWYFqna5XE3lsj.jpg,"A equipe de um web show de horror planeja transmitir ao vivo a partir de um asilo desativado. Para atrair mais espectadores, o apresentador do programa organiza alguns sustos para a equipe, mas à medida que exploram o prédio antigo, eles começam a encontrar muito mais do que o esperado."
As the Gods Will,https://image.tmdb.org/t/p/w500/m6ulKKB6zJr1vwZIrSFs5axWUvL.jpg,"O estudante do ensino médio Shun Takahata está entediado. Entediado com a monotonia do dia-a-dia da escola e da vida, ele reza por mudanças, por algo emocionante. De repente, ele e seus colegas são forçados a jogar jogos infantis mortais e enfrentar criaturas aterrorizantes, desde uma boneca Daruma falante até um gato sortudo de garras afiadas."
Doutor Sono,https://image.tmdb.org/t/p/w500/1Sp02vj2faWSF72OqIM9E7HuSG9.jpg,"Ainda marcado pelo trauma que sofreu quando criança no Overlook Hotel, Dan Torrance enfrenta os fantasmas do passado quando conhece Abra, uma adolescente corajosa que precisa desesperadamente de sua ajuda – e que possui uma poderosa capacidade extra-sensorial chamada ""brilho""."
Sem Saída,https://image.tmdb.org/t/p/w500/kauNjZ0XXQ0jGisgrpXD3VM60er.jpg,"Steve planejou um fim de semana romântico com sua namorada Jenny, à beira de um belo lago, onde pretende pedir a mão dela em casamento. Logo que chegaram, foram incomodados pela presença de adolescentes arruaceiros, que não gostaram nem um pouco dos visitantes. Depois de um acidente entre os grupos, o líder da gangue adolescente, Brett, instiga seus amigos a apedrejar o carro do casal e segui-los pela floresta."
Os Novos Mutantes,https://image.tmdb.org/t/p/w500/aTGaI5ahE694f8vNMiYc5bEK06H.jpg,Cinco jovens mutantes descobrem o alcance de seus poderes e lidam com traumas do passado enquanto são mantidos presos contra a vontade num sinistro hospital.
Sexta-Feira 13,https://image.tmdb.org/t/p/w500/rdrVW0qN16Ho8BDwmcqW9oLQtn3.jpg,"O Acampamento Crystal Lake será reaberto. Monitores ansiosos, seus olhos brilhando com nobres ideais, e seus hormônios à flor da pele, estão prontos para liderar as canções e brincadeiras dos hóspedes. Mas há um jogo que não constava na lista de atividades. Alguém resolveu brincar de ""Mate o Monitor."""
Blade Trinity,https://image.tmdb.org/t/p/w500/O8iPtrxt7G4nIh5rrx4BwOwc1M.jpg,"Blade, agora um homem procurado pelo FBI, deve unir forças com os Nightstalkers para enfrentar seu inimigo mais desafiador ainda: Drácula."
Animais Perigosos,https://image.tmdb.org/t/p/w500/vgMYt20P7ws2CfB5LaAo1PjD90i.jpg,"A vida da surfista Zephyr transforma-se em um pesadelo ao ser sequestrada por Tucker, um assassino em série obcecado por tubarões. Mantida em cativeiro em uma embarcação junto a outra vítima, ela é forçada a testemunhar horrores inimagináveis enquanto o psicopata utiliza predadores marinhos para executar seus alvos e filmar cada ataque brutal. Em uma luta desesperada contra o tempo, Zephyr precisa encontrar uma maneira de escapar antes de se tornar a próxima atração do espetáculo macabro de Tucker."
Pânico na Floresta 4: Origens Sangrentas,https://image.tmdb.org/t/p/w500/6yTKpQpSzxWweaVEvhZMfGO0m1Z.jpg,Um grupo de jovens esquiadores consegue encontrar abrigo durante uma violenta nevasca. O que eles não sabem é que o lugar em que estão se refugiando é um antigo hospital psiquiátrico que não está tão abandonado quanto parece.
Possessão,https://image.tmdb.org/t/p/w500/xtH5Kd2eNU08BTCLGOVI488WE6f.jpg,"Uma jovem abandona sua família sem um motivo específico. O marido está determinado a descobrir a verdade e começa a seguir a mulher. A princípio, ele suspeita que um homem está envolvido. Mas, aos poucos, ele descobre mais e mais comportamentos estranhos e incidentes bizarros que indicam algo mais do que um caso de amor."
Mama,https://image.tmdb.org/t/p/w500/NBSMhzMXs56Scq2MGF1AetAYFr.jpg,"Quando o pai de Victoria e Lilly mata a esposa, as meninas fogem assustadas. Durante cinco anos, ninguém sabe delas, até o dia em que reaparecem, sem explicação de como sobreviveram. Os tios Lucas e Annabel adotam as irmãs e tentam lhes dar uma vida tranquila, mas logo percebem que existe algo errado. As duas conversam frequentemente com uma entidade invisível que chamam de Mama. Lucas e Annabel não sabem se acreditam nas meninas ou se devem culpá-las pelos estranhos acontecimentos na casa."
